date,day_name,week,month,month_name,quarter,year,is_weekend,season_event_name,is_season_event
2023-10-01,Sunday,39,10,October,4,2023,0,,0
2023-10-02,Monday,40,10,October,4,2023,0,,0
2023-10-03,Tuesday,40,10,October,4,2023,0,,0
2023-10-04,Wednesday,40,10,October,4,2023,0,,0
2023-10-05,Thursday,40,10,October,4,2023,0,,0
2023-10-06,Friday,40,10,October,4,2023,1,,0
2023-10-07,Saturday,40,10,October,4,2023,1,,0
2023-10-08,Sunday,40,10,October,4,2023,0,,0
2023-10-09,Monday,41,10,October,4,2023,0,,0
2023-10-10,Tuesday,41,10,October,4,2023,0,,0
2023-10-11,Wednesday,41,10,October,4,2023,0,,0
2023-10-12,Thursday,41,10,October,4,2023,0,,0
2023-10-13,Friday,41,10,October,4,2023,1,,0
2023-10-14,Saturday,41,10,October,4,2023,1,,0
2023-10-15,Sunday,41,10,October,4,2023,0,,0
2023-10-16,Monday,42,10,October,4,2023,0,,0
2023-10-17,Tuesday,42,10,October,4,2023,0,,0
2023-10-18,Wednesday,42,10,October,4,2023,0,,0
2023-10-19,Thursday,42,10,October,4,2023,0,Durga Puja,1
2023-10-20,Friday,42,10,October,4,2023,1,Durga Puja,1
2023-10-21,Saturday,42,10,October,4,2023,1,Durga Puja,1
2023-10-22,Sunday,42,10,October,4,2023,0,Durga Puja,1
2023-10-23,Monday,43,10,October,4,2023,0,Durga Puja,1
2023-10-24,Tuesday,43,10,October,4,2023,0,Durga Puja,1
2023-10-25,Wednesday,43,10,October,4,2023,0,,0
2023-10-26,Thursday,43,10,October,4,2023,0,,0
2023-10-27,Friday,43,10,October,4,2023,1,,0
2023-10-28,Saturday,43,10,October,4,2023,1,,0
2023-10-29,Sunday,43,10,October,4,2023,0,,0
2023-10-30,Monday,44,10,October,4,2023,0,,0
2023-10-31,Tuesday,44,10,October,4,2023,0,,0
2023-11-01,Wednesday,44,11,November,4,2023,0,,0
2023-11-02,Thursday,44,11,November,4,2023,0,,0
2023-11-03,Friday,44,11,November,4,2023,1,,0
2023-11-04,Saturday,44,11,November,4,2023,1,,0
2023-11-05,Sunday,44,11,November,4,2023,0,,0
2023-11-06,Monday,45,11,November,4,2023,0,,0
2023-11-07,Tuesday,45,11,November,4,2023,0,,0
2023-11-08,Wednesday,45,11,November,4,2023,0,,0
2023-11-09,Thursday,45,11,November,4,2023,0,,0
2023-11-10,Friday,45,11,November,4,2023,1,,0
2023-11-11,Saturday,45,11,November,4,2023,1,,0
2023-11-12,Sunday,45,11,November,4,2023,0,,0
2023-11-13,Monday,46,11,November,4,2023,0,,0
2023-11-14,Tuesday,46,11,November,4,2023,0,,0
2023-11-15,Wednesday,46,11,November,4,2023,0,,0
2023-11-16,Thursday,46,11,November,4,2023,0,,0
2023-11-17,Friday,46,11,November,4,2023,1,,0
2023-11-18,Saturday,46,11,November,4,2023,1,,0
2023-11-19,Sunday,46,11,November,4,2023,0,,0
2023-11-20,Monday,47,11,November,4,2023,0,,0
2023-11-21,Tuesday,47,11,November,4,2023,0,,0
2023-11-22,Wednesday,47,11,November,4,2023,0,,0
2023-11-23,Thursday,47,11,November,4,2023,0,,0
2023-11-24,Friday,47,11,November,4,2023,1,Black Friday,1
2023-11-25,Saturday,47,11,November,4,2023,1,Black Friday,1
2023-11-26,Sunday,47,11,November,4,2023,0,Black Friday,1
2023-11-27,Monday,48,11,November,4,2023,0,,0
2023-11-28,Tuesday,48,11,November,4,2023,0,,0
2023-11-29,Wednesday,48,11,November,4,2023,0,,0
2023-11-30,Thursday,48,11,November,4,2023,0,,0
2023-12-01,Friday,48,12,December,4,2023,1,,0
2023-12-02,Saturday,48,12,December,4,2023,1,,0
2023-12-03,Sunday,48,12,December,4,2023,0,,0
2023-12-04,Monday,49,12,December,4,2023,0,,0
2023-12-05,Tuesday,49,12,December,4,2023,0,,0
2023-12-06,Wednesday,49,12,December,4,2023,0,,0
2023-12-07,Thursday,49,12,December,4,2023,0,,0
2023-12-08,Friday,49,12,December,4,2023,1,,0
2023-12-09,Saturday,49,12,December,4,2023,1,,0
2023-12-10,Sunday,49,12,December,4,2023,0,,0
2023-12-11,Monday,50,12,December,4,2023,0,,0
2023-12-12,Tuesday,50,12,December,4,2023,0,,0
2023-12-13,Wednesday,50,12,December,4,2023,0,,0
2023-12-14,Thursday,50,12,December,4,2023,0,,0
2023-12-15,Friday,50,12,December,4,2023,1,,0
2023-12-16,Saturday,50,12,December,4,2023,1,,0
2023-12-17,Sunday,50,12,December,4,2023,0,,0
2023-12-18,Monday,51,12,December,4,2023,0,,0
2023-12-19,Tuesday,51,12,December,4,2023,0,,0
2023-12-20,Wednesday,51,12,December,4,2023,0,Year-End Sale,1
2023-12-21,Thursday,51,12,December,4,2023,0,Year-End Sale,1
2023-12-22,Friday,51,12,December,4,2023,1,Year-End Sale,1
2023-12-23,Saturday,51,12,December,4,2023,1,Year-End Sale,1
2023-12-24,Sunday,51,12,December,4,2023,0,Year-End Sale,1
2023-12-25,Monday,52,12,December,4,2023,0,Year-End Sale,1
2023-12-26,Tuesday,52,12,December,4,2023,0,Year-End Sale,1
2023-12-27,Wednesday,52,12,December,4,2023,0,Year-End Sale,1
2023-12-28,Thursday,52,12,December,4,2023,0,Year-End Sale,1
2023-12-29,Friday,52,12,December,4,2023,1,Year-End Sale,1
2023-12-30,Saturday,52,12,December,4,2023,1,Year-End Sale,1
2023-12-31,Sunday,52,12,December,4,2023,0,Year-End Sale,1
2024-01-01,Monday,1,1,January,1,2024,0,,0
2024-01-02,Tuesday,1,1,January,1,2024,0,,0
2024-01-03,Wednesday,1,1,January,1,2024,0,,0
2024-01-04,Thursday,1,1,January,1,2024,0,,0
2024-01-05,Friday,1,1,January,1,2024,1,,0
2024-01-06,Saturday,1,1,January,1,2024,1,,0
2024-01-07,Sunday,1,1,January,1,2024,0,,0
2024-01-08,Monday,2,1,January,1,2024,0,,0
2024-01-09,Tuesday,2,1,January,1,2024,0,,0
2024-01-10,Wednesday,2,1,January,1,2024,0,,0
2024-01-11,Thursday,2,1,January,1,2024,0,,0
2024-01-12,Friday,2,1,January,1,2024,1,,0
2024-01-13,Saturday,2,1,January,1,2024,1,,0
2024-01-14,Sunday,2,1,January,1,2024,0,,0
2024-01-15,Monday,3,1,January,1,2024,0,,0
2024-01-16,Tuesday,3,1,January,1,2024,0,,0
2024-01-17,Wednesday,3,1,January,1,2024,0,,0
2024-01-18,Thursday,3,1,January,1,2024,0,,0
2024-01-19,Friday,3,1,January,1,2024,1,,0
2024-01-20,Saturday,3,1,January,1,2024,1,,0
2024-01-21,Sunday,3,1,January,1,2024,0,,0
2024-01-22,Monday,4,1,January,1,2024,0,,0
2024-01-23,Tuesday,4,1,January,1,2024,0,,0
2024-01-24,Wednesday,4,1,January,1,2024,0,,0
2024-01-25,Thursday,4,1,January,1,2024,0,,0
2024-01-26,Friday,4,1,January,1,2024,1,,0
2024-01-27,Saturday,4,1,January,1,2024,1,,0
2024-01-28,Sunday,4,1,January,1,2024,0,,0
2024-01-29,Monday,5,1,January,1,2024,0,,0
2024-01-30,Tuesday,5,1,January,1,2024,0,,0
2024-01-31,Wednesday,5,1,January,1,2024,0,,0
2024-02-01,Thursday,5,2,February,1,2024,0,,0
2024-02-02,Friday,5,2,February,1,2024,1,,0
2024-02-03,Saturday,5,2,February,1,2024,1,,0
2024-02-04,Sunday,5,2,February,1,2024,0,,0
2024-02-05,Monday,6,2,February,1,2024,0,,0
2024-02-06,Tuesday,6,2,February,1,2024,0,,0
2024-02-07,Wednesday,6,2,February,1,2024,0,,0
2024-02-08,Thursday,6,2,February,1,2024,0,,0
2024-02-09,Friday,6,2,February,1,2024,1,,0
2024-02-10,Saturday,6,2,February,1,2024,1,,0
2024-02-11,Sunday,6,2,February,1,2024,0,,0
2024-02-12,Monday,7,2,February,1,2024,0,,0
2024-02-13,Tuesday,7,2,February,1,2024,0,,0
2024-02-14,Wednesday,7,2,February,1,2024,0,,0
2024-02-15,Thursday,7,2,February,1,2024,0,,0
2024-02-16,Friday,7,2,February,1,2024,1,,0
2024-02-17,Saturday,7,2,February,1,2024,1,,0
2024-02-18,Sunday,7,2,February,1,2024,0,,0
2024-02-19,Monday,8,2,February,1,2024,0,,0
2024-02-20,Tuesday,8,2,February,1,2024,0,,0
2024-02-21,Wednesday,8,2,February,1,2024,0,,0
2024-02-22,Thursday,8,2,February,1,2024,0,,0
2024-02-23,Friday,8,2,February,1,2024,1,,0
2024-02-24,Saturday,8,2,February,1,2024,1,,0
2024-02-25,Sunday,8,2,February,1,2024,0,,0
2024-02-26,Monday,9,2,February,1,2024,0,,0
2024-02-27,Tuesday,9,2,February,1,2024,0,,0
2024-02-28,Wednesday,9,2,February,1,2024,0,,0
2024-02-29,Thursday,9,2,February,1,2024,0,,0
2024-03-01,Friday,9,3,March,1,2024,1,,0
2024-03-02,Saturday,9,3,March,1,2024,1,,0
2024-03-03,Sunday,9,3,March,1,2024,0,,0
2024-03-04,Monday,10,3,March,1,2024,0,,0
2024-03-05,Tuesday,10,3,March,1,2024,0,,0
2024-03-06,Wednesday,10,3,March,1,2024,0,,0
2024-03-07,Thursday,10,3,March,1,2024,0,,0
2024-03-08,Friday,10,3,March,1,2024,1,,0
2024-03-09,Saturday,10,3,March,1,2024,1,,0
2024-03-10,Sunday,10,3,March,1,2024,0,,0
2024-03-11,Monday,11,3,March,1,2024,0,,0
2024-03-12,Tuesday,11,3,March,1,2024,0,,0
2024-03-13,Wednesday,11,3,March,1,2024,0,,0
2024-03-14,Thursday,11,3,March,1,2024,0,,0
2024-03-15,Friday,11,3,March,1,2024,1,,0
2024-03-16,Saturday,11,3,March,1,2024,1,,0
2024-03-17,Sunday,11,3,March,1,2024,0,,0
2024-03-18,Monday,12,3,March,1,2024,0,,0
2024-03-19,Tuesday,12,3,March,1,2024,0,,0
2024-03-20,Wednesday,12,3,March,1,2024,0,,0
2024-03-21,Thursday,12,3,March,1,2024,0,,0
2024-03-22,Friday,12,3,March,1,2024,1,,0
2024-03-23,Saturday,12,3,March,1,2024,1,,0
2024-03-24,Sunday,12,3,March,1,2024,0,,0
2024-03-25,Monday,13,3,March,1,2024,0,,0
2024-03-26,Tuesday,13,3,March,1,2024,0,,0
2024-03-27,Wednesday,13,3,March,1,2024,0,,0
2024-03-28,Thursday,13,3,March,1,2024,0,,0
2024-03-29,Friday,13,3,March,1,2024,1,,0
2024-03-30,Saturday,13,3,March,1,2024,1,,0
2024-03-31,Sunday,13,3,March,1,2024,0,Eid-ul-Fitr,1
2024-04-01,Monday,14,4,April,2,2024,0,Eid-ul-Fitr,1
2024-04-02,Tuesday,14,4,April,2,2024,0,Eid-ul-Fitr,1
2024-04-03,Wednesday,14,4,April,2,2024,0,Eid-ul-Fitr,1
2024-04-04,Thursday,14,4,April,2,2024,0,Eid-ul-Fitr,1
2024-04-05,Friday,14,4,April,2,2024,1,Eid-ul-Fitr,1
2024-04-06,Saturday,14,4,April,2,2024,1,Eid-ul-Fitr,1
2024-04-07,Sunday,14,4,April,2,2024,0,Eid-ul-Fitr,1
2024-04-08,Monday,15,4,April,2,2024,0,Eid-ul-Fitr,1
2024-04-09,Tuesday,15,4,April,2,2024,0,Eid-ul-Fitr,1
2024-04-10,Wednesday,15,4,April,2,2024,0,Eid-ul-Fitr,1
2024-04-11,Thursday,15,4,April,2,2024,0,Pohela Boishakh,1
2024-04-12,Friday,15,4,April,2,2024,1,Pohela Boishakh,1
2024-04-13,Saturday,15,4,April,2,2024,1,Pohela Boishakh,1
2024-04-14,Sunday,15,4,April,2,2024,0,Pohela Boishakh,1
2024-04-15,Monday,16,4,April,2,2024,0,,0
2024-04-16,Tuesday,16,4,April,2,2024,0,,0
2024-04-17,Wednesday,16,4,April,2,2024,0,,0
2024-04-18,Thursday,16,4,April,2,2024,0,,0
2024-04-19,Friday,16,4,April,2,2024,1,,0
2024-04-20,Saturday,16,4,April,2,2024,1,,0
2024-04-21,Sunday,16,4,April,2,2024,0,,0
2024-04-22,Monday,17,4,April,2,2024,0,,0
2024-04-23,Tuesday,17,4,April,2,2024,0,,0
2024-04-24,Wednesday,17,4,April,2,2024,0,,0
2024-04-25,Thursday,17,4,April,2,2024,0,,0
2024-04-26,Friday,17,4,April,2,2024,1,,0
2024-04-27,Saturday,17,4,April,2,2024,1,,0
2024-04-28,Sunday,17,4,April,2,2024,0,,0
2024-04-29,Monday,18,4,April,2,2024,0,,0
2024-04-30,Tuesday,18,4,April,2,2024,0,,0
2024-05-01,Wednesday,18,5,May,2,2024,0,,0
2024-05-02,Thursday,18,5,May,2,2024,0,,0
2024-05-03,Friday,18,5,May,2,2024,1,,0
2024-05-04,Saturday,18,5,May,2,2024,1,,0
2024-05-05,Sunday,18,5,May,2,2024,0,,0
2024-05-06,Monday,19,5,May,2,2024,0,,0
2024-05-07,Tuesday,19,5,May,2,2024,0,,0
2024-05-08,Wednesday,19,5,May,2,2024,0,,0
2024-05-09,Thursday,19,5,May,2,2024,0,,0
2024-05-10,Friday,19,5,May,2,2024,1,,0
2024-05-11,Saturday,19,5,May,2,2024,1,,0
2024-05-12,Sunday,19,5,May,2,2024,0,,0
2024-05-13,Monday,20,5,May,2,2024,0,,0
2024-05-14,Tuesday,20,5,May,2,2024,0,,0
2024-05-15,Wednesday,20,5,May,2,2024,0,,0
2024-05-16,Thursday,20,5,May,2,2024,0,,0
2024-05-17,Friday,20,5,May,2,2024,1,,0
2024-05-18,Saturday,20,5,May,2,2024,1,,0
2024-05-19,Sunday,20,5,May,2,2024,0,,0
2024-05-20,Monday,21,5,May,2,2024,0,,0
2024-05-21,Tuesday,21,5,May,2,2024,0,,0
2024-05-22,Wednesday,21,5,May,2,2024,0,,0
2024-05-23,Thursday,21,5,May,2,2024,0,,0
2024-05-24,Friday,21,5,May,2,2024,1,,0
2024-05-25,Saturday,21,5,May,2,2024,1,,0
2024-05-26,Sunday,21,5,May,2,2024,0,,0
2024-05-27,Monday,22,5,May,2,2024,0,,0
2024-05-28,Tuesday,22,5,May,2,2024,0,,0
2024-05-29,Wednesday,22,5,May,2,2024,0,,0
2024-05-30,Thursday,22,5,May,2,2024,0,,0
2024-05-31,Friday,22,5,May,2,2024,1,,0
2024-06-01,Saturday,22,6,June,2,2024,1,,0
2024-06-02,Sunday,22,6,June,2,2024,0,,0
2024-06-03,Monday,23,6,June,2,2024,0,,0
2024-06-04,Tuesday,23,6,June,2,2024,0,,0
2024-06-05,Wednesday,23,6,June,2,2024,0,,0
2024-06-06,Thursday,23,6,June,2,2024,0,,0
2024-06-07,Friday,23,6,June,2,2024,1,,0
2024-06-08,Saturday,23,6,June,2,2024,1,,0
2024-06-09,Sunday,23,6,June,2,2024,0,,0
2024-06-10,Monday,24,6,June,2,2024,0,Eid-ul-Adha,1
2024-06-11,Tuesday,24,6,June,2,2024,0,Eid-ul-Adha,1
2024-06-12,Wednesday,24,6,June,2,2024,0,Eid-ul-Adha,1
2024-06-13,Thursday,24,6,June,2,2024,0,Eid-ul-Adha,1
2024-06-14,Friday,24,6,June,2,2024,1,Eid-ul-Adha,1
2024-06-15,Saturday,24,6,June,2,2024,1,Eid-ul-Adha,1
2024-06-16,Sunday,24,6,June,2,2024,0,Eid-ul-Adha,1
2024-06-17,Monday,25,6,June,2,2024,0,Eid-ul-Adha,1
2024-06-18,Tuesday,25,6,June,2,2024,0,,0
2024-06-19,Wednesday,25,6,June,2,2024,0,,0
2024-06-20,Thursday,25,6,June,2,2024,0,,0
2024-06-21,Friday,25,6,June,2,2024,1,,0
2024-06-22,Saturday,25,6,June,2,2024,1,,0
2024-06-23,Sunday,25,6,June,2,2024,0,,0
2024-06-24,Monday,26,6,June,2,2024,0,,0
2024-06-25,Tuesday,26,6,June,2,2024,0,,0
2024-06-26,Wednesday,26,6,June,2,2024,0,,0
2024-06-27,Thursday,26,6,June,2,2024,0,,0
2024-06-28,Friday,26,6,June,2,2024,1,,0
2024-06-29,Saturday,26,6,June,2,2024,1,,0
2024-06-30,Sunday,26,6,June,2,2024,0,,0
2024-07-01,Monday,27,7,July,3,2024,0,,0
2024-07-02,Tuesday,27,7,July,3,2024,0,,0
2024-07-03,Wednesday,27,7,July,3,2024,0,,0
2024-07-04,Thursday,27,7,July,3,2024,0,,0
2024-07-05,Friday,27,7,July,3,2024,1,,0
2024-07-06,Saturday,27,7,July,3,2024,1,,0
2024-07-07,Sunday,27,7,July,3,2024,0,,0
2024-07-08,Monday,28,7,July,3,2024,0,,0
2024-07-09,Tuesday,28,7,July,3,2024,0,,0
2024-07-10,Wednesday,28,7,July,3,2024,0,,0
2024-07-11,Thursday,28,7,July,3,2024,0,,0
2024-07-12,Friday,28,7,July,3,2024,1,,0
2024-07-13,Saturday,28,7,July,3,2024,1,,0
2024-07-14,Sunday,28,7,July,3,2024,0,,0
2024-07-15,Monday,29,7,July,3,2024,0,,0
2024-07-16,Tuesday,29,7,July,3,2024,0,,0
2024-07-17,Wednesday,29,7,July,3,2024,0,,0
2024-07-18,Thursday,29,7,July,3,2024,0,,0
2024-07-19,Friday,29,7,July,3,2024,1,,0
2024-07-20,Saturday,29,7,July,3,2024,1,,0
2024-07-21,Sunday,29,7,July,3,2024,0,,0
2024-07-22,Monday,30,7,July,3,2024,0,,0
2024-07-23,Tuesday,30,7,July,3,2024,0,,0
2024-07-24,Wednesday,30,7,July,3,2024,0,,0
2024-07-25,Thursday,30,7,July,3,2024,0,,0
2024-07-26,Friday,30,7,July,3,2024,1,,0
2024-07-27,Saturday,30,7,July,3,2024,1,,0
2024-07-28,Sunday,30,7,July,3,2024,0,,0
2024-07-29,Monday,31,7,July,3,2024,0,,0
2024-07-30,Tuesday,31,7,July,3,2024,0,,0
2024-07-31,Wednesday,31,7,July,3,2024,0,,0
2024-08-01,Thursday,31,8,August,3,2024,0,,0
2024-08-02,Friday,31,8,August,3,2024,1,,0
2024-08-03,Saturday,31,8,August,3,2024,1,,0
2024-08-04,Sunday,31,8,August,3,2024,0,,0
2024-08-05,Monday,32,8,August,3,2024,0,,0
2024-08-06,Tuesday,32,8,August,3,2024,0,,0
2024-08-07,Wednesday,32,8,August,3,2024,0,,0
2024-08-08,Thursday,32,8,August,3,2024,0,,0
2024-08-09,Friday,32,8,August,3,2024,1,,0
2024-08-10,Saturday,32,8,August,3,2024,1,,0
2024-08-11,Sunday,32,8,August,3,2024,0,,0
2024-08-12,Monday,33,8,August,3,2024,0,,0
2024-08-13,Tuesday,33,8,August,3,2024,0,,0
2024-08-14,Wednesday,33,8,August,3,2024,0,,0
2024-08-15,Thursday,33,8,August,3,2024,0,,0
2024-08-16,Friday,33,8,August,3,2024,1,,0
2024-08-17,Saturday,33,8,August,3,2024,1,,0
2024-08-18,Sunday,33,8,August,3,2024,0,,0
2024-08-19,Monday,34,8,August,3,2024,0,,0
2024-08-20,Tuesday,34,8,August,3,2024,0,,0
2024-08-21,Wednesday,34,8,August,3,2024,0,,0
2024-08-22,Thursday,34,8,August,3,2024,0,,0
2024-08-23,Friday,34,8,August,3,2024,1,,0
2024-08-24,Saturday,34,8,August,3,2024,1,,0
2024-08-25,Sunday,34,8,August,3,2024,0,,0
2024-08-26,Monday,35,8,August,3,2024,0,,0
2024-08-27,Tuesday,35,8,August,3,2024,0,,0
2024-08-28,Wednesday,35,8,August,3,2024,0,,0
2024-08-29,Thursday,35,8,August,3,2024,0,,0
2024-08-30,Friday,35,8,August,3,2024,1,,0
2024-08-31,Saturday,35,8,August,3,2024,1,,0
2024-09-01,Sunday,35,9,September,3,2024,0,,0
2024-09-02,Monday,36,9,September,3,2024,0,,0
2024-09-03,Tuesday,36,9,September,3,2024,0,,0
2024-09-04,Wednesday,36,9,September,3,2024,0,,0
2024-09-05,Thursday,36,9,September,3,2024,0,,0
2024-09-06,Friday,36,9,September,3,2024,1,,0
2024-09-07,Saturday,36,9,September,3,2024,1,,0
2024-09-08,Sunday,36,9,September,3,2024,0,,0
2024-09-09,Monday,37,9,September,3,2024,0,,0
2024-09-10,Tuesday,37,9,September,3,2024,0,,0
2024-09-11,Wednesday,37,9,September,3,2024,0,,0
2024-09-12,Thursday,37,9,September,3,2024,0,,0
2024-09-13,Friday,37,9,September,3,2024,1,,0
2024-09-14,Saturday,37,9,September,3,2024,1,,0
2024-09-15,Sunday,37,9,September,3,2024,0,,0
2024-09-16,Monday,38,9,September,3,2024,0,,0
2024-09-17,Tuesday,38,9,September,3,2024,0,,0
2024-09-18,Wednesday,38,9,September,3,2024,0,,0
2024-09-19,Thursday,38,9,September,3,2024,0,,0
2024-09-20,Friday,38,9,September,3,2024,1,,0
2024-09-21,Saturday,38,9,September,3,2024,1,,0
2024-09-22,Sunday,38,9,September,3,2024,0,,0
2024-09-23,Monday,39,9,September,3,2024,0,,0
2024-09-24,Tuesday,39,9,September,3,2024,0,,0
2024-09-25,Wednesday,39,9,September,3,2024,0,,0
2024-09-26,Thursday,39,9,September,3,2024,0,,0
2024-09-27,Friday,39,9,September,3,2024,1,,0
2024-09-28,Saturday,39,9,September,3,2024,1,,0
2024-09-29,Sunday,39,9,September,3,2024,0,,0
2024-09-30,Monday,40,9,September,3,2024,0,,0
2024-10-01,Tuesday,40,10,October,4,2024,0,,0
2024-10-02,Wednesday,40,10,October,4,2024,0,,0
2024-10-03,Thursday,40,10,October,4,2024,0,,0
2024-10-04,Friday,40,10,October,4,2024,1,,0
2024-10-05,Saturday,40,10,October,4,2024,1,,0
2024-10-06,Sunday,40,10,October,4,2024,0,,0
2024-10-07,Monday,41,10,October,4,2024,0,Durga Puja,1
2024-10-08,Tuesday,41,10,October,4,2024,0,Durga Puja,1
2024-10-09,Wednesday,41,10,October,4,2024,0,Durga Puja,1
2024-10-10,Thursday,41,10,October,4,2024,0,Durga Puja,1
2024-10-11,Friday,41,10,October,4,2024,1,Durga Puja,1
2024-10-12,Saturday,41,10,October,4,2024,1,Durga Puja,1
2024-10-13,Sunday,41,10,October,4,2024,0,,0
2024-10-14,Monday,42,10,October,4,2024,0,,0
2024-10-15,Tuesday,42,10,October,4,2024,0,,0
2024-10-16,Wednesday,42,10,October,4,2024,0,,0
2024-10-17,Thursday,42,10,October,4,2024,0,,0
2024-10-18,Friday,42,10,October,4,2024,1,,0
2024-10-19,Saturday,42,10,October,4,2024,1,,0
2024-10-20,Sunday,42,10,October,4,2024,0,,0
2024-10-21,Monday,43,10,October,4,2024,0,,0
2024-10-22,Tuesday,43,10,October,4,2024,0,,0
2024-10-23,Wednesday,43,10,October,4,2024,0,,0
2024-10-24,Thursday,43,10,October,4,2024,0,,0
2024-10-25,Friday,43,10,October,4,2024,1,,0
2024-10-26,Saturday,43,10,October,4,2024,1,,0
2024-10-27,Sunday,43,10,October,4,2024,0,,0
2024-10-28,Monday,44,10,October,4,2024,0,,0
2024-10-29,Tuesday,44,10,October,4,2024,0,,0
2024-10-30,Wednesday,44,10,October,4,2024,0,,0
2024-10-31,Thursday,44,10,October,4,2024,0,,0
2024-11-01,Friday,44,11,November,4,2024,1,,0
2024-11-02,Saturday,44,11,November,4,2024,1,,0
2024-11-03,Sunday,44,11,November,4,2024,0,,0
2024-11-04,Monday,45,11,November,4,2024,0,,0
2024-11-05,Tuesday,45,11,November,4,2024,0,,0
2024-11-06,Wednesday,45,11,November,4,2024,0,,0
2024-11-07,Thursday,45,11,November,4,2024,0,,0
2024-11-08,Friday,45,11,November,4,2024,1,,0
2024-11-09,Saturday,45,11,November,4,2024,1,,0
2024-11-10,Sunday,45,11,November,4,2024,0,,0
2024-11-11,Monday,46,11,November,4,2024,0,,0
2024-11-12,Tuesday,46,11,November,4,2024,0,,0
2024-11-13,Wednesday,46,11,November,4,2024,0,,0
2024-11-14,Thursday,46,11,November,4,2024,0,,0
2024-11-15,Friday,46,11,November,4,2024,1,,0
2024-11-16,Saturday,46,11,November,4,2024,1,,0
2024-11-17,Sunday,46,11,November,4,2024,0,,0
2024-11-18,Monday,47,11,November,4,2024,0,,0
2024-11-19,Tuesday,47,11,November,4,2024,0,,0
2024-11-20,Wednesday,47,11,November,4,2024,0,,0
2024-11-21,Thursday,47,11,November,4,2024,0,,0
2024-11-22,Friday,47,11,November,4,2024,1,,0
2024-11-23,Saturday,47,11,November,4,2024,1,,0
2024-11-24,Sunday,47,11,November,4,2024,0,,0
2024-11-25,Monday,48,11,November,4,2024,0,,0
2024-11-26,Tuesday,48,11,November,4,2024,0,,0
2024-11-27,Wednesday,48,11,November,4,2024,0,,0
2024-11-28,Thursday,48,11,November,4,2024,0,,0
2024-11-29,Friday,48,11,November,4,2024,1,Black Friday,1
2024-11-30,Saturday,48,11,November,4,2024,1,Black Friday,1
2024-12-01,Sunday,48,12,December,4,2024,0,Black Friday,1
2024-12-02,Monday,49,12,December,4,2024,0,,0
2024-12-03,Tuesday,49,12,December,4,2024,0,,0
2024-12-04,Wednesday,49,12,December,4,2024,0,,0
2024-12-05,Thursday,49,12,December,4,2024,0,,0
2024-12-06,Friday,49,12,December,4,2024,1,,0
2024-12-07,Saturday,49,12,December,4,2024,1,,0
2024-12-08,Sunday,49,12,December,4,2024,0,,0
2024-12-09,Monday,50,12,December,4,2024,0,,0
2024-12-10,Tuesday,50,12,December,4,2024,0,,0
2024-12-11,Wednesday,50,12,December,4,2024,0,,0
2024-12-12,Thursday,50,12,December,4,2024,0,,0
2024-12-13,Friday,50,12,December,4,2024,1,,0
2024-12-14,Saturday,50,12,December,4,2024,1,,0
2024-12-15,Sunday,50,12,December,4,2024,0,,0
2024-12-16,Monday,51,12,December,4,2024,0,,0
2024-12-17,Tuesday,51,12,December,4,2024,0,,0
2024-12-18,Wednesday,51,12,December,4,2024,0,,0
2024-12-19,Thursday,51,12,December,4,2024,0,,0
2024-12-20,Friday,51,12,December,4,2024,1,Year-End Sale,1
2024-12-21,Saturday,51,12,December,4,2024,1,Year-End Sale,1
2024-12-22,Sunday,51,12,December,4,2024,0,Year-End Sale,1
2024-12-23,Monday,52,12,December,4,2024,0,Year-End Sale,1
2024-12-24,Tuesday,52,12,December,4,2024,0,Year-End Sale,1
2024-12-25,Wednesday,52,12,December,4,2024,0,Year-End Sale,1
2024-12-26,Thursday,52,12,December,4,2024,0,Year-End Sale,1
2024-12-27,Friday,52,12,December,4,2024,1,Year-End Sale,1
2024-12-28,Saturday,52,12,December,4,2024,1,Year-End Sale,1
2024-12-29,Sunday,52,12,December,4,2024,0,Year-End Sale,1
2024-12-30,Monday,1,12,December,4,2024,0,Year-End Sale,1
2024-12-31,Tuesday,1,12,December,4,2024,0,Year-End Sale,1
2025-01-01,Wednesday,1,1,January,1,2025,0,,0
2025-01-02,Thursday,1,1,January,1,2025,0,,0
2025-01-03,Friday,1,1,January,1,2025,1,,0
2025-01-04,Saturday,1,1,January,1,2025,1,,0
2025-01-05,Sunday,1,1,January,1,2025,0,,0
2025-01-06,Monday,2,1,January,1,2025,0,,0
2025-01-07,Tuesday,2,1,January,1,2025,0,,0
2025-01-08,Wednesday,2,1,January,1,2025,0,,0
2025-01-09,Thursday,2,1,January,1,2025,0,,0
2025-01-10,Friday,2,1,January,1,2025,1,,0
2025-01-11,Saturday,2,1,January,1,2025,1,,0
2025-01-12,Sunday,2,1,January,1,2025,0,,0
2025-01-13,Monday,3,1,January,1,2025,0,,0
2025-01-14,Tuesday,3,1,January,1,2025,0,,0
2025-01-15,Wednesday,3,1,January,1,2025,0,,0
2025-01-16,Thursday,3,1,January,1,2025,0,,0
2025-01-17,Friday,3,1,January,1,2025,1,,0
2025-01-18,Saturday,3,1,January,1,2025,1,,0
2025-01-19,Sunday,3,1,January,1,2025,0,,0
2025-01-20,Monday,4,1,January,1,2025,0,,0
2025-01-21,Tuesday,4,1,January,1,2025,0,,0
2025-01-22,Wednesday,4,1,January,1,2025,0,,0
2025-01-23,Thursday,4,1,January,1,2025,0,,0
2025-01-24,Friday,4,1,January,1,2025,1,,0
2025-01-25,Saturday,4,1,January,1,2025,1,,0
2025-01-26,Sunday,4,1,January,1,2025,0,,0
2025-01-27,Monday,5,1,January,1,2025,0,,0
2025-01-28,Tuesday,5,1,January,1,2025,0,,0
2025-01-29,Wednesday,5,1,January,1,2025,0,,0
2025-01-30,Thursday,5,1,January,1,2025,0,,0
2025-01-31,Friday,5,1,January,1,2025,1,,0
2025-02-01,Saturday,5,2,February,1,2025,1,,0
2025-02-02,Sunday,5,2,February,1,2025,0,,0
2025-02-03,Monday,6,2,February,1,2025,0,,0
2025-02-04,Tuesday,6,2,February,1,2025,0,,0
2025-02-05,Wednesday,6,2,February,1,2025,0,,0
2025-02-06,Thursday,6,2,February,1,2025,0,,0
2025-02-07,Friday,6,2,February,1,2025,1,,0
2025-02-08,Saturday,6,2,February,1,2025,1,,0
2025-02-09,Sunday,6,2,February,1,2025,0,,0
2025-02-10,Monday,7,2,February,1,2025,0,,0
2025-02-11,Tuesday,7,2,February,1,2025,0,,0
2025-02-12,Wednesday,7,2,February,1,2025,0,,0
2025-02-13,Thursday,7,2,February,1,2025,0,,0
2025-02-14,Friday,7,2,February,1,2025,1,,0
2025-02-15,Saturday,7,2,February,1,2025,1,,0
2025-02-16,Sunday,7,2,February,1,2025,0,,0
2025-02-17,Monday,8,2,February,1,2025,0,,0
2025-02-18,Tuesday,8,2,February,1,2025,0,,0
2025-02-19,Wednesday,8,2,February,1,2025,0,,0
2025-02-20,Thursday,8,2,February,1,2025,0,,0
2025-02-21,Friday,8,2,February,1,2025,1,,0
2025-02-22,Saturday,8,2,February,1,2025,1,,0
2025-02-23,Sunday,8,2,February,1,2025,0,,0
2025-02-24,Monday,9,2,February,1,2025,0,,0
2025-02-25,Tuesday,9,2,February,1,2025,0,,0
2025-02-26,Wednesday,9,2,February,1,2025,0,,0
2025-02-27,Thursday,9,2,February,1,2025,0,,0
2025-02-28,Friday,9,2,February,1,2025,1,,0
2025-03-01,Saturday,9,3,March,1,2025,1,,0
2025-03-02,Sunday,9,3,March,1,2025,0,,0
2025-03-03,Monday,10,3,March,1,2025,0,,0
2025-03-04,Tuesday,10,3,March,1,2025,0,,0
2025-03-05,Wednesday,10,3,March,1,2025,0,,0
2025-03-06,Thursday,10,3,March,1,2025,0,,0
2025-03-07,Friday,10,3,March,1,2025,1,,0
2025-03-08,Saturday,10,3,March,1,2025,1,,0
2025-03-09,Sunday,10,3,March,1,2025,0,,0
2025-03-10,Monday,11,3,March,1,2025,0,,0
2025-03-11,Tuesday,11,3,March,1,2025,0,,0
2025-03-12,Wednesday,11,3,March,1,2025,0,,0
2025-03-13,Thursday,11,3,March,1,2025,0,,0
2025-03-14,Friday,11,3,March,1,2025,1,,0
2025-03-15,Saturday,11,3,March,1,2025,1,,0
2025-03-16,Sunday,11,3,March,1,2025,0,,0
2025-03-17,Monday,12,3,March,1,2025,0,,0
2025-03-18,Tuesday,12,3,March,1,2025,0,,0
2025-03-19,Wednesday,12,3,March,1,2025,0,,0
2025-03-20,Thursday,12,3,March,1,2025,0,,0
2025-03-21,Friday,12,3,March,1,2025,1,Eid-ul-Fitr,1
2025-03-22,Saturday,12,3,March,1,2025,1,Eid-ul-Fitr,1
2025-03-23,Sunday,12,3,March,1,2025,0,Eid-ul-Fitr,1
2025-03-24,Monday,13,3,March,1,2025,0,Eid-ul-Fitr,1
2025-03-25,Tuesday,13,3,March,1,2025,0,Eid-ul-Fitr,1
2025-03-26,Wednesday,13,3,March,1,2025,0,Eid-ul-Fitr,1
2025-03-27,Thursday,13,3,March,1,2025,0,Eid-ul-Fitr,1
2025-03-28,Friday,13,3,March,1,2025,1,Eid-ul-Fitr,1
2025-03-29,Saturday,13,3,March,1,2025,1,Eid-ul-Fitr,1
2025-03-30,Sunday,13,3,March,1,2025,0,Eid-ul-Fitr,1
2025-03-31,Monday,14,3,March,1,2025,0,Eid-ul-Fitr,1
2025-04-01,Tuesday,14,4,April,2,2025,0,,0
2025-04-02,Wednesday,14,4,April,2,2025,0,,0
2025-04-03,Thursday,14,4,April,2,2025,0,,0
2025-04-04,Friday,14,4,April,2,2025,1,,0
2025-04-05,Saturday,14,4,April,2,2025,1,,0
2025-04-06,Sunday,14,4,April,2,2025,0,,0
2025-04-07,Monday,15,4,April,2,2025,0,,0
2025-04-08,Tuesday,15,4,April,2,2025,0,,0
2025-04-09,Wednesday,15,4,April,2,2025,0,,0
2025-04-10,Thursday,15,4,April,2,2025,0,Pohela Boishakh,1
2025-04-11,Friday,15,4,April,2,2025,1,Pohela Boishakh,1
2025-04-12,Saturday,15,4,April,2,2025,1,Pohela Boishakh,1
2025-04-13,Sunday,15,4,April,2,2025,0,Pohela Boishakh,1
2025-04-14,Monday,16,4,April,2,2025,0,Pohela Boishakh,1
2025-04-15,Tuesday,16,4,April,2,2025,0,,0
2025-04-16,Wednesday,16,4,April,2,2025,0,,0
2025-04-17,Thursday,16,4,April,2,2025,0,,0
2025-04-18,Friday,16,4,April,2,2025,1,,0
2025-04-19,Saturday,16,4,April,2,2025,1,,0
2025-04-20,Sunday,16,4,April,2,2025,0,,0
2025-04-21,Monday,17,4,April,2,2025,0,,0
2025-04-22,Tuesday,17,4,April,2,2025,0,,0
2025-04-23,Wednesday,17,4,April,2,2025,0,,0
2025-04-24,Thursday,17,4,April,2,2025,0,,0
2025-04-25,Friday,17,4,April,2,2025,1,,0
2025-04-26,Saturday,17,4,April,2,2025,1,,0
2025-04-27,Sunday,17,4,April,2,2025,0,,0
2025-04-28,Monday,18,4,April,2,2025,0,,0
2025-04-29,Tuesday,18,4,April,2,2025,0,,0
2025-04-30,Wednesday,18,4,April,2,2025,0,,0
2025-05-01,Thursday,18,5,May,2,2025,0,,0
2025-05-02,Friday,18,5,May,2,2025,1,,0
2025-05-03,Saturday,18,5,May,2,2025,1,,0
2025-05-04,Sunday,18,5,May,2,2025,0,,0
2025-05-05,Monday,19,5,May,2,2025,0,,0
2025-05-06,Tuesday,19,5,May,2,2025,0,,0
2025-05-07,Wednesday,19,5,May,2,2025,0,,0
2025-05-08,Thursday,19,5,May,2,2025,0,,0
2025-05-09,Friday,19,5,May,2,2025,1,,0
2025-05-10,Saturday,19,5,May,2,2025,1,,0
2025-05-11,Sunday,19,5,May,2,2025,0,,0
2025-05-12,Monday,20,5,May,2,2025,0,,0
2025-05-13,Tuesday,20,5,May,2,2025,0,,0
2025-05-14,Wednesday,20,5,May,2,2025,0,,0
2025-05-15,Thursday,20,5,May,2,2025,0,,0
2025-05-16,Friday,20,5,May,2,2025,1,,0
2025-05-17,Saturday,20,5,May,2,2025,1,,0
2025-05-18,Sunday,20,5,May,2,2025,0,,0
2025-05-19,Monday,21,5,May,2,2025,0,,0
2025-05-20,Tuesday,21,5,May,2,2025,0,,0
2025-05-21,Wednesday,21,5,May,2,2025,0,,0
2025-05-22,Thursday,21,5,May,2,2025,0,,0
2025-05-23,Friday,21,5,May,2,2025,1,,0
2025-05-24,Saturday,21,5,May,2,2025,1,,0
2025-05-25,Sunday,21,5,May,2,2025,0,,0
2025-05-26,Monday,22,5,May,2,2025,0,,0
2025-05-27,Tuesday,22,5,May,2,2025,0,,0
2025-05-28,Wednesday,22,5,May,2,2025,0,,0
2025-05-29,Thursday,22,5,May,2,2025,0,,0
2025-05-30,Friday,22,5,May,2,2025,1,,0
2025-05-31,Saturday,22,5,May,2,2025,1,Eid-ul-Adha,1
2025-06-01,Sunday,22,6,June,2,2025,0,Eid-ul-Adha,1
2025-06-02,Monday,23,6,June,2,2025,0,Eid-ul-Adha,1
2025-06-03,Tuesday,23,6,June,2,2025,0,Eid-ul-Adha,1
2025-06-04,Wednesday,23,6,June,2,2025,0,Eid-ul-Adha,1
2025-06-05,Thursday,23,6,June,2,2025,0,Eid-ul-Adha,1
2025-06-06,Friday,23,6,June,2,2025,1,Eid-ul-Adha,1
2025-06-07,Saturday,23,6,June,2,2025,1,Eid-ul-Adha,1
2025-06-08,Sunday,23,6,June,2,2025,0,,0
2025-06-09,Monday,24,6,June,2,2025,0,,0
2025-06-10,Tuesday,24,6,June,2,2025,0,,0
2025-06-11,Wednesday,24,6,June,2,2025,0,,0
2025-06-12,Thursday,24,6,June,2,2025,0,,0
2025-06-13,Friday,24,6,June,2,2025,1,,0
2025-06-14,Saturday,24,6,June,2,2025,1,,0
2025-06-15,Sunday,24,6,June,2,2025,0,,0
2025-06-16,Monday,25,6,June,2,2025,0,,0
2025-06-17,Tuesday,25,6,June,2,2025,0,,0
2025-06-18,Wednesday,25,6,June,2,2025,0,,0
2025-06-19,Thursday,25,6,June,2,2025,0,,0
2025-06-20,Friday,25,6,June,2,2025,1,,0
2025-06-21,Saturday,25,6,June,2,2025,1,,0
2025-06-22,Sunday,25,6,June,2,2025,0,,0
2025-06-23,Monday,26,6,June,2,2025,0,,0
2025-06-24,Tuesday,26,6,June,2,2025,0,,0
2025-06-25,Wednesday,26,6,June,2,2025,0,,0
2025-06-26,Thursday,26,6,June,2,2025,0,,0
2025-06-27,Friday,26,6,June,2,2025,1,,0
2025-06-28,Saturday,26,6,June,2,2025,1,,0
2025-06-29,Sunday,26,6,June,2,2025,0,,0
2025-06-30,Monday,27,6,June,2,2025,0,,0
2025-07-01,Tuesday,27,7,July,3,2025,0,,0
2025-07-02,Wednesday,27,7,July,3,2025,0,,0
2025-07-03,Thursday,27,7,July,3,2025,0,,0
2025-07-04,Friday,27,7,July,3,2025,1,,0
2025-07-05,Saturday,27,7,July,3,2025,1,,0
2025-07-06,Sunday,27,7,July,3,2025,0,,0
2025-07-07,Monday,28,7,July,3,2025,0,,0
2025-07-08,Tuesday,28,7,July,3,2025,0,,0
2025-07-09,Wednesday,28,7,July,3,2025,0,,0
2025-07-10,Thursday,28,7,July,3,2025,0,,0
2025-07-11,Friday,28,7,July,3,2025,1,,0
2025-07-12,Saturday,28,7,July,3,2025,1,,0
2025-07-13,Sunday,28,7,July,3,2025,0,,0
2025-07-14,Monday,29,7,July,3,2025,0,,0
2025-07-15,Tuesday,29,7,July,3,2025,0,,0
2025-07-16,Wednesday,29,7,July,3,2025,0,,0
2025-07-17,Thursday,29,7,July,3,2025,0,,0
2025-07-18,Friday,29,7,July,3,2025,1,,0
2025-07-19,Saturday,29,7,July,3,2025,1,,0
2025-07-20,Sunday,29,7,July,3,2025,0,,0
2025-07-21,Monday,30,7,July,3,2025,0,,0
2025-07-22,Tuesday,30,7,July,3,2025,0,,0
2025-07-23,Wednesday,30,7,July,3,2025,0,,0
2025-07-24,Thursday,30,7,July,3,2025,0,,0
2025-07-25,Friday,30,7,July,3,2025,1,,0
2025-07-26,Saturday,30,7,July,3,2025,1,,0
2025-07-27,Sunday,30,7,July,3,2025,0,,0
2025-07-28,Monday,31,7,July,3,2025,0,,0
2025-07-29,Tuesday,31,7,July,3,2025,0,,0
2025-07-30,Wednesday,31,7,July,3,2025,0,,0
2025-07-31,Thursday,31,7,July,3,2025,0,,0
2025-08-01,Friday,31,8,August,3,2025,1,,0
2025-08-02,Saturday,31,8,August,3,2025,1,,0
2025-08-03,Sunday,31,8,August,3,2025,0,,0
2025-08-04,Monday,32,8,August,3,2025,0,,0
2025-08-05,Tuesday,32,8,August,3,2025,0,,0
2025-08-06,Wednesday,32,8,August,3,2025,0,,0
2025-08-07,Thursday,32,8,August,3,2025,0,,0
2025-08-08,Friday,32,8,August,3,2025,1,,0
2025-08-09,Saturday,32,8,August,3,2025,1,,0
2025-08-10,Sunday,32,8,August,3,2025,0,,0
2025-08-11,Monday,33,8,August,3,2025,0,,0
2025-08-12,Tuesday,33,8,August,3,2025,0,,0
2025-08-13,Wednesday,33,8,August,3,2025,0,,0
2025-08-14,Thursday,33,8,August,3,2025,0,,0
2025-08-15,Friday,33,8,August,3,2025,1,,0
2025-08-16,Saturday,33,8,August,3,2025,1,,0
2025-08-17,Sunday,33,8,August,3,2025,0,,0
2025-08-18,Monday,34,8,August,3,2025,0,,0
2025-08-19,Tuesday,34,8,August,3,2025,0,,0
2025-08-20,Wednesday,34,8,August,3,2025,0,,0
2025-08-21,Thursday,34,8,August,3,2025,0,,0
2025-08-22,Friday,34,8,August,3,2025,1,,0
2025-08-23,Saturday,34,8,August,3,2025,1,,0
2025-08-24,Sunday,34,8,August,3,2025,0,,0
2025-08-25,Monday,35,8,August,3,2025,0,,0
2025-08-26,Tuesday,35,8,August,3,2025,0,,0
2025-08-27,Wednesday,35,8,August,3,2025,0,,0
2025-08-28,Thursday,35,8,August,3,2025,0,,0
2025-08-29,Friday,35,8,August,3,2025,1,,0
2025-08-30,Saturday,35,8,August,3,2025,1,,0
2025-08-31,Sunday,35,8,August,3,2025,0,,0
2025-09-01,Monday,36,9,September,3,2025,0,,0
2025-09-02,Tuesday,36,9,September,3,2025,0,,0
2025-09-03,Wednesday,36,9,September,3,2025,0,,0
2025-09-04,Thursday,36,9,September,3,2025,0,,0
2025-09-05,Friday,36,9,September,3,2025,1,,0
2025-09-06,Saturday,36,9,September,3,2025,1,,0
2025-09-07,Sunday,36,9,September,3,2025,0,,0
2025-09-08,Monday,37,9,September,3,2025,0,,0
2025-09-09,Tuesday,37,9,September,3,2025,0,,0
2025-09-10,Wednesday,37,9,September,3,2025,0,,0
2025-09-11,Thursday,37,9,September,3,2025,0,,0
2025-09-12,Friday,37,9,September,3,2025,1,,0
2025-09-13,Saturday,37,9,September,3,2025,1,,0
2025-09-14,Sunday,37,9,September,3,2025,0,,0
2025-09-15,Monday,38,9,September,3,2025,0,,0
2025-09-16,Tuesday,38,9,September,3,2025,0,,0
2025-09-17,Wednesday,38,9,September,3,2025,0,,0
2025-09-18,Thursday,38,9,September,3,2025,0,,0
2025-09-19,Friday,38,9,September,3,2025,1,,0
2025-09-20,Saturday,38,9,September,3,2025,1,,0
2025-09-21,Sunday,38,9,September,3,2025,0,,0
2025-09-22,Monday,39,9,September,3,2025,0,,0
2025-09-23,Tuesday,39,9,September,3,2025,0,,0
2025-09-24,Wednesday,39,9,September,3,2025,0,,0
2025-09-25,Thursday,39,9,September,3,2025,0,,0
2025-09-26,Friday,39,9,September,3,2025,1,,0
2025-09-27,Saturday,39,9,September,3,2025,1,Durga Puja,1
2025-09-28,Sunday,39,9,September,3,2025,0,Durga Puja,1
2025-09-29,Monday,40,9,September,3,2025,0,Durga Puja,1
2025-09-30,Tuesday,40,9,September,3,2025,0,Durga Puja,1
2025-10-01,Wednesday,40,10,October,4,2025,0,Durga Puja,1
2025-10-02,Thursday,40,10,October,4,2025,0,Durga Puja,1
2025-10-03,Friday,40,10,October,4,2025,1,,0
2025-10-04,Saturday,40,10,October,4,2025,1,,0
2025-10-05,Sunday,40,10,October,4,2025,0,,0
2025-10-06,Monday,41,10,October,4,2025,0,,0
2025-10-07,Tuesday,41,10,October,4,2025,0,,0
2025-10-08,Wednesday,41,10,October,4,2025,0,,0
2025-10-09,Thursday,41,10,October,4,2025,0,,0
2025-10-10,Friday,41,10,October,4,2025,1,,0
2025-10-11,Saturday,41,10,October,4,2025,1,,0
2025-10-12,Sunday,41,10,October,4,2025,0,,0
2025-10-13,Monday,42,10,October,4,2025,0,,0
2025-10-14,Tuesday,42,10,October,4,2025,0,,0
2025-10-15,Wednesday,42,10,October,4,2025,0,,0
2025-10-16,Thursday,42,10,October,4,2025,0,,0
2025-10-17,Friday,42,10,October,4,2025,1,,0
2025-10-18,Saturday,42,10,October,4,2025,1,,0
2025-10-19,Sunday,42,10,October,4,2025,0,,0
2025-10-20,Monday,43,10,October,4,2025,0,,0
2025-10-21,Tuesday,43,10,October,4,2025,0,,0
2025-10-22,Wednesday,43,10,October,4,2025,0,,0
2025-10-23,Thursday,43,10,October,4,2025,0,,0
2025-10-24,Friday,43,10,October,4,2025,1,,0
2025-10-25,Saturday,43,10,October,4,2025,1,,0
2025-10-26,Sunday,43,10,October,4,2025,0,,0
2025-10-27,Monday,44,10,October,4,2025,0,,0
2025-10-28,Tuesday,44,10,October,4,2025,0,,0
2025-10-29,Wednesday,44,10,October,4,2025,0,,0
2025-10-30,Thursday,44,10,October,4,2025,0,,0
2025-10-31,Friday,44,10,October,4,2025,1,,0
2025-11-01,Saturday,44,11,November,4,2025,1,,0
2025-11-02,Sunday,44,11,November,4,2025,0,,0
2025-11-03,Monday,45,11,November,4,2025,0,,0
2025-11-04,Tuesday,45,11,November,4,2025,0,,0
2025-11-05,Wednesday,45,11,November,4,2025,0,,0
2025-11-06,Thursday,45,11,November,4,2025,0,,0
2025-11-07,Friday,45,11,November,4,2025,1,,0
2025-11-08,Saturday,45,11,November,4,2025,1,,0
2025-11-09,Sunday,45,11,November,4,2025,0,,0
2025-11-10,Monday,46,11,November,4,2025,0,,0
2025-11-11,Tuesday,46,11,November,4,2025,0,,0
2025-11-12,Wednesday,46,11,November,4,2025,0,,0
2025-11-13,Thursday,46,11,November,4,2025,0,,0
2025-11-14,Friday,46,11,November,4,2025,1,,0
2025-11-15,Saturday,46,11,November,4,2025,1,,0
2025-11-16,Sunday,46,11,November,4,2025,0,,0
2025-11-17,Monday,47,11,November,4,2025,0,,0
2025-11-18,Tuesday,47,11,November,4,2025,0,,0
2025-11-19,Wednesday,47,11,November,4,2025,0,,0
2025-11-20,Thursday,47,11,November,4,2025,0,,0
2025-11-21,Friday,47,11,November,4,2025,1,,0
2025-11-22,Saturday,47,11,November,4,2025,1,,0
2025-11-23,Sunday,47,11,November,4,2025,0,,0
2025-11-24,Monday,48,11,November,4,2025,0,,0
2025-11-25,Tuesday,48,11,November,4,2025,0,,0
2025-11-26,Wednesday,48,11,November,4,2025,0,,0
2025-11-27,Thursday,48,11,November,4,2025,0,,0
2025-11-28,Friday,48,11,November,4,2025,1,Black Friday,1
2025-11-29,Saturday,48,11,November,4,2025,1,Black Friday,1
2025-11-30,Sunday,48,11,November,4,2025,0,Black Friday,1
2025-12-01,Monday,49,12,December,4,2025,0,,0
2025-12-02,Tuesday,49,12,December,4,2025,0,,0
2025-12-03,Wednesday,49,12,December,4,2025,0,,0
2025-12-04,Thursday,49,12,December,4,2025,0,,0
2025-12-05,Friday,49,12,December,4,2025,1,,0
2025-12-06,Saturday,49,12,December,4,2025,1,,0
2025-12-07,Sunday,49,12,December,4,2025,0,,0
2025-12-08,Monday,50,12,December,4,2025,0,,0
2025-12-09,Tuesday,50,12,December,4,2025,0,,0
2025-12-10,Wednesday,50,12,December,4,2025,0,,0
2025-12-11,Thursday,50,12,December,4,2025,0,,0
2025-12-12,Friday,50,12,December,4,2025,1,,0
2025-12-13,Saturday,50,12,December,4,2025,1,,0
2025-12-14,Sunday,50,12,December,4,2025,0,,0
2025-12-15,Monday,51,12,December,4,2025,0,,0
2025-12-16,Tuesday,51,12,December,4,2025,0,,0
2025-12-17,Wednesday,51,12,December,4,2025,0,,0
2025-12-18,Thursday,51,12,December,4,2025,0,,0
2025-12-19,Friday,51,12,December,4,2025,1,,0
2025-12-20,Saturday,51,12,December,4,2025,1,Year-End Sale,1
2025-12-21,Sunday,51,12,December,4,2025,0,Year-End Sale,1
2025-12-22,Monday,52,12,December,4,2025,0,Year-End Sale,1
2025-12-23,Tuesday,52,12,December,4,2025,0,Year-End Sale,1
2025-12-24,Wednesday,52,12,December,4,2025,0,Year-End Sale,1
2025-12-25,Thursday,52,12,December,4,2025,0,Year-End Sale,1
2025-12-26,Friday,52,12,December,4,2025,1,Year-End Sale,1
2025-12-27,Saturday,52,12,December,4,2025,1,Year-End Sale,1
2025-12-28,Sunday,52,12,December,4,2025,0,Year-End Sale,1
2025-12-29,Monday,1,12,December,4,2025,0,Year-End Sale,1
2025-12-30,Tuesday,1,12,December,4,2025,0,Year-End Sale,1
2025-12-31,Wednesday,1,12,December,4,2025,0,Year-End Sale,1
2026-01-01,Thursday,1,1,January,1,2026,0,,0
2026-01-02,Friday,1,1,January,1,2026,1,,0
2026-01-03,Saturday,1,1,January,1,2026,1,,0
2026-01-04,Sunday,1,1,January,1,2026,0,,0
2026-01-05,Monday,2,1,January,1,2026,0,,0
2026-01-06,Tuesday,2,1,January,1,2026,0,,0
2026-01-07,Wednesday,2,1,January,1,2026,0,,0
2026-01-08,Thursday,2,1,January,1,2026,0,,0
2026-01-09,Friday,2,1,January,1,2026,1,,0
2026-01-10,Saturday,2,1,January,1,2026,1,,0
2026-01-11,Sunday,2,1,January,1,2026,0,,0
2026-01-12,Monday,3,1,January,1,2026,0,,0
2026-01-13,Tuesday,3,1,January,1,2026,0,,0
2026-01-14,Wednesday,3,1,January,1,2026,0,,0
2026-01-15,Thursday,3,1,January,1,2026,0,,0
2026-01-16,Friday,3,1,January,1,2026,1,,0
2026-01-17,Saturday,3,1,January,1,2026,1,,0
2026-01-18,Sunday,3,1,January,1,2026,0,,0
2026-01-19,Monday,4,1,January,1,2026,0,,0
2026-01-20,Tuesday,4,1,January,1,2026,0,,0
2026-01-21,Wednesday,4,1,January,1,2026,0,,0
2026-01-22,Thursday,4,1,January,1,2026,0,,0
2026-01-23,Friday,4,1,January,1,2026,1,,0
2026-01-24,Saturday,4,1,January,1,2026,1,,0
2026-01-25,Sunday,4,1,January,1,2026,0,,0
2026-01-26,Monday,5,1,January,1,2026,0,,0
2026-01-27,Tuesday,5,1,January,1,2026,0,,0
2026-01-28,Wednesday,5,1,January,1,2026,0,,0
2026-01-29,Thursday,5,1,January,1,2026,0,,0
2026-01-30,Friday,5,1,January,1,2026,1,,0
2026-01-31,Saturday,5,1,January,1,2026,1,,0
2026-02-01,Sunday,5,2,February,1,2026,0,,0
2026-02-02,Monday,6,2,February,1,2026,0,,0
2026-02-03,Tuesday,6,2,February,1,2026,0,,0
2026-02-04,Wednesday,6,2,February,1,2026,0,,0
2026-02-05,Thursday,6,2,February,1,2026,0,,0
2026-02-06,Friday,6,2,February,1,2026,1,,0
2026-02-07,Saturday,6,2,February,1,2026,1,,0
2026-02-08,Sunday,6,2,February,1,2026,0,,0
2026-02-09,Monday,7,2,February,1,2026,0,,0
2026-02-10,Tuesday,7,2,February,1,2026,0,,0
2026-02-11,Wednesday,7,2,February,1,2026,0,,0
2026-02-12,Thursday,7,2,February,1,2026,0,,0
2026-02-13,Friday,7,2,February,1,2026,1,,0
2026-02-14,Saturday,7,2,February,1,2026,1,,0
2026-02-15,Sunday,7,2,February,1,2026,0,,0
2026-02-16,Monday,8,2,February,1,2026,0,,0
2026-02-17,Tuesday,8,2,February,1,2026,0,,0
2026-02-18,Wednesday,8,2,February,1,2026,0,,0
2026-02-19,Thursday,8,2,February,1,2026,0,,0
2026-02-20,Friday,8,2,February,1,2026,1,,0
2026-02-21,Saturday,8,2,February,1,2026,1,,0
2026-02-22,Sunday,8,2,February,1,2026,0,,0
2026-02-23,Monday,9,2,February,1,2026,0,,0
2026-02-24,Tuesday,9,2,February,1,2026,0,,0
2026-02-25,Wednesday,9,2,February,1,2026,0,,0
2026-02-26,Thursday,9,2,February,1,2026,0,,0
2026-02-27,Friday,9,2,February,1,2026,1,,0
2026-02-28,Saturday,9,2,February,1,2026,1,,0
2026-03-01,Sunday,9,3,March,1,2026,0,,0
2026-03-02,Monday,10,3,March,1,2026,0,,0
2026-03-03,Tuesday,10,3,March,1,2026,0,,0
2026-03-04,Wednesday,10,3,March,1,2026,0,,0
2026-03-05,Thursday,10,3,March,1,2026,0,,0
2026-03-06,Friday,10,3,March,1,2026,1,,0
2026-03-07,Saturday,10,3,March,1,2026,1,,0
2026-03-08,Sunday,10,3,March,1,2026,0,,0
2026-03-09,Monday,11,3,March,1,2026,0,,0
2026-03-10,Tuesday,11,3,March,1,2026,0,Eid-ul-Fitr,1
2026-03-11,Wednesday,11,3,March,1,2026,0,Eid-ul-Fitr,1
2026-03-12,Thursday,11,3,March,1,2026,0,Eid-ul-Fitr,1
2026-03-13,Friday,11,3,March,1,2026,1,Eid-ul-Fitr,1
2026-03-14,Saturday,11,3,March,1,2026,1,Eid-ul-Fitr,1
2026-03-15,Sunday,11,3,March,1,2026,0,Eid-ul-Fitr,1
2026-03-16,Monday,12,3,March,1,2026,0,Eid-ul-Fitr,1
2026-03-17,Tuesday,12,3,March,1,2026,0,Eid-ul-Fitr,1
2026-03-18,Wednesday,12,3,March,1,2026,0,Eid-ul-Fitr,1
2026-03-19,Thursday,12,3,March,1,2026,0,Eid-ul-Fitr,1
2026-03-20,Friday,12,3,March,1,2026,1,Eid-ul-Fitr,1
2026-03-21,Saturday,12,3,March,1,2026,1,,0
2026-03-22,Sunday,12,3,March,1,2026,0,,0
2026-03-23,Monday,13,3,March,1,2026,0,,0
2026-03-24,Tuesday,13,3,March,1,2026,0,,0
2026-03-25,Wednesday,13,3,March,1,2026,0,,0
2026-03-26,Thursday,13,3,March,1,2026,0,,0
2026-03-27,Friday,13,3,March,1,2026,1,,0
2026-03-28,Saturday,13,3,March,1,2026,1,,0
2026-03-29,Sunday,13,3,March,1,2026,0,,0
2026-03-30,Monday,14,3,March,1,2026,0,,0
2026-03-31,Tuesday,14,3,March,1,2026,0,,0
2026-04-01,Wednesday,14,4,April,2,2026,0,,0
2026-04-02,Thursday,14,4,April,2,2026,0,,0
2026-04-03,Friday,14,4,April,2,2026,1,,0
2026-04-04,Saturday,14,4,April,2,2026,1,,0
2026-04-05,Sunday,14,4,April,2,2026,0,,0
2026-04-06,Monday,15,4,April,2,2026,0,,0
2026-04-07,Tuesday,15,4,April,2,2026,0,,0
2026-04-08,Wednesday,15,4,April,2,2026,0,,0
2026-04-09,Thursday,15,4,April,2,2026,0,,0
2026-04-10,Friday,15,4,April,2,2026,1,Pohela Boishakh,1
2026-04-11,Saturday,15,4,April,2,2026,1,Pohela Boishakh,1
2026-04-12,Sunday,15,4,April,2,2026,0,Pohela Boishakh,1
2026-04-13,Monday,16,4,April,2,2026,0,Pohela Boishakh,1
2026-04-14,Tuesday,16,4,April,2,2026,0,Pohela Boishakh,1
2026-04-15,Wednesday,16,4,April,2,2026,0,,0
2026-04-16,Thursday,16,4,April,2,2026,0,,0
2026-04-17,Friday,16,4,April,2,2026,1,,0
2026-04-18,Saturday,16,4,April,2,2026,1,,0
2026-04-19,Sunday,16,4,April,2,2026,0,,0
2026-04-20,Monday,17,4,April,2,2026,0,,0
2026-04-21,Tuesday,17,4,April,2,2026,0,,0
2026-04-22,Wednesday,17,4,April,2,2026,0,,0
2026-04-23,Thursday,17,4,April,2,2026,0,,0
2026-04-24,Friday,17,4,April,2,2026,1,,0
2026-04-25,Saturday,17,4,April,2,2026,1,,0
2026-04-26,Sunday,17,4,April,2,2026,0,,0
2026-04-27,Monday,18,4,April,2,2026,0,,0
2026-04-28,Tuesday,18,4,April,2,2026,0,,0
2026-04-29,Wednesday,18,4,April,2,2026,0,,0
2026-04-30,Thursday,18,4,April,2,2026,0,,0
2026-05-01,Friday,18,5,May,2,2026,1,,0
2026-05-02,Saturday,18,5,May,2,2026,1,,0
2026-05-03,Sunday,18,5,May,2,2026,0,,0
2026-05-04,Monday,19,5,May,2,2026,0,,0
2026-05-05,Tuesday,19,5,May,2,2026,0,,0
2026-05-06,Wednesday,19,5,May,2,2026,0,,0
2026-05-07,Thursday,19,5,May,2,2026,0,,0
2026-05-08,Friday,19,5,May,2,2026,1,,0
2026-05-09,Saturday,19,5,May,2,2026,1,,0
2026-05-10,Sunday,19,5,May,2,2026,0,,0
2026-05-11,Monday,20,5,May,2,2026,0,,0
2026-05-12,Tuesday,20,5,May,2,2026,0,,0
2026-05-13,Wednesday,20,5,May,2,2026,0,,0
2026-05-14,Thursday,20,5,May,2,2026,0,,0
2026-05-15,Friday,20,5,May,2,2026,1,,0
2026-05-16,Saturday,20,5,May,2,2026,1,,0
2026-05-17,Sunday,20,5,May,2,2026,0,,0
2026-05-18,Monday,21,5,May,2,2026,0,,0
2026-05-19,Tuesday,21,5,May,2,2026,0,,0
2026-05-20,Wednesday,21,5,May,2,2026,0,,0
2026-05-21,Thursday,21,5,May,2,2026,0,,0
2026-05-22,Friday,21,5,May,2,2026,1,,0
2026-05-23,Saturday,21,5,May,2,2026,1,,0
2026-05-24,Sunday,21,5,May,2,2026,0,,0
2026-05-25,Monday,22,5,May,2,2026,0,,0
2026-05-26,Tuesday,22,5,May,2,2026,0,,0
2026-05-27,Wednesday,22,5,May,2,2026,0,,0
2026-05-28,Thursday,22,5,May,2,2026,0,,0
2026-05-29,Friday,22,5,May,2,2026,1,,0
2026-05-30,Saturday,22,5,May,2,2026,1,,0
2026-05-31,Sunday,22,5,May,2,2026,0,,0
2026-06-01,Monday,23,6,June,2,2026,0,,0
2026-06-02,Tuesday,23,6,June,2,2026,0,,0
2026-06-03,Wednesday,23,6,June,2,2026,0,,0
2026-06-04,Thursday,23,6,June,2,2026,0,,0
2026-06-05,Friday,23,6,June,2,2026,1,,0
2026-06-06,Saturday,23,6,June,2,2026,1,,0
2026-06-07,Sunday,23,6,June,2,2026,0,,0
2026-06-08,Monday,24,6,June,2,2026,0,,0
2026-06-09,Tuesday,24,6,June,2,2026,0,,0
2026-06-10,Wednesday,24,6,June,2,2026,0,,0
2026-06-11,Thursday,24,6,June,2,2026,0,,0
2026-06-12,Friday,24,6,June,2,2026,1,,0
2026-06-13,Saturday,24,6,June,2,2026,1,,0
2026-06-14,Sunday,24,6,June,2,2026,0,,0
2026-06-15,Monday,25,6,June,2,2026,0,,0
2026-06-16,Tuesday,25,6,June,2,2026,0,,0
2026-06-17,Wednesday,25,6,June,2,2026,0,,0
2026-06-18,Thursday,25,6,June,2,2026,0,,0
2026-06-19,Friday,25,6,June,2,2026,1,,0
2026-06-20,Saturday,25,6,June,2,2026,1,,0
2026-06-21,Sunday,25,6,June,2,2026,0,,0
2026-06-22,Monday,26,6,June,2,2026,0,,0
2026-06-23,Tuesday,26,6,June,2,2026,0,,0
2026-06-24,Wednesday,26,6,June,2,2026,0,,0
2026-06-25,Thursday,26,6,June,2,2026,0,,0
2026-06-26,Friday,26,6,June,2,2026,1,,0
2026-06-27,Saturday,26,6,June,2,2026,1,,0
2026-06-28,Sunday,26,6,June,2,2026,0,,0
2026-06-29,Monday,27,6,June,2,2026,0,,0
2026-06-30,Tuesday,27,6,June,2,2026,0,,0
2026-07-01,Wednesday,27,7,July,3,2026,0,,0
2026-07-02,Thursday,27,7,July,3,2026,0,,0
2026-07-03,Friday,27,7,July,3,2026,1,,0
2026-07-04,Saturday,27,7,July,3,2026,1,,0
2026-07-05,Sunday,27,7,July,3,2026,0,,0
2026-07-06,Monday,28,7,July,3,2026,0,,0
2026-07-07,Tuesday,28,7,July,3,2026,0,,0
2026-07-08,Wednesday,28,7,July,3,2026,0,,0
2026-07-09,Thursday,28,7,July,3,2026,0,,0
2026-07-10,Friday,28,7,July,3,2026,1,,0
2026-07-11,Saturday,28,7,July,3,2026,1,,0
2026-07-12,Sunday,28,7,July,3,2026,0,,0
2026-07-13,Monday,29,7,July,3,2026,0,,0
2026-07-14,Tuesday,29,7,July,3,2026,0,,0
2026-07-15,Wednesday,29,7,July,3,2026,0,,0
2026-07-16,Thursday,29,7,July,3,2026,0,,0
2026-07-17,Friday,29,7,July,3,2026,1,,0
2026-07-18,Saturday,29,7,July,3,2026,1,,0
2026-07-19,Sunday,29,7,July,3,2026,0,,0
2026-07-20,Monday,30,7,July,3,2026,0,,0
2026-07-21,Tuesday,30,7,July,3,2026,0,,0
2026-07-22,Wednesday,30,7,July,3,2026,0,,0
2026-07-23,Thursday,30,7,July,3,2026,0,,0
2026-07-24,Friday,30,7,July,3,2026,1,,0
2026-07-25,Saturday,30,7,July,3,2026,1,,0
2026-07-26,Sunday,30,7,July,3,2026,0,,0
2026-07-27,Monday,31,7,July,3,2026,0,,0
2026-07-28,Tuesday,31,7,July,3,2026,0,,0
2026-07-29,Wednesday,31,7,July,3,2026,0,,0
2026-07-30,Thursday,31,7,July,3,2026,0,,0
2026-07-31,Friday,31,7,July,3,2026,1,,0
2026-08-01,Saturday,31,8,August,3,2026,1,,0
2026-08-02,Sunday,31,8,August,3,2026,0,,0
2026-08-03,Monday,32,8,August,3,2026,0,,0
2026-08-04,Tuesday,32,8,August,3,2026,0,,0
2026-08-05,Wednesday,32,8,August,3,2026,0,,0
2026-08-06,Thursday,32,8,August,3,2026,0,,0
2026-08-07,Friday,32,8,August,3,2026,1,,0
2026-08-08,Saturday,32,8,August,3,2026,1,,0
2026-08-09,Sunday,32,8,August,3,2026,0,,0
2026-08-10,Monday,33,8,August,3,2026,0,,0
2026-08-11,Tuesday,33,8,August,3,2026,0,,0
2026-08-12,Wednesday,33,8,August,3,2026,0,,0
2026-08-13,Thursday,33,8,August,3,2026,0,,0
2026-08-14,Friday,33,8,August,3,2026,1,,0
2026-08-15,Saturday,33,8,August,3,2026,1,,0
2026-08-16,Sunday,33,8,August,3,2026,0,,0
2026-08-17,Monday,34,8,August,3,2026,0,,0
2026-08-18,Tuesday,34,8,August,3,2026,0,,0
2026-08-19,Wednesday,34,8,August,3,2026,0,,0
2026-08-20,Thursday,34,8,August,3,2026,0,,0
2026-08-21,Friday,34,8,August,3,2026,1,,0
2026-08-22,Saturday,34,8,August,3,2026,1,,0
2026-08-23,Sunday,34,8,August,3,2026,0,,0
2026-08-24,Monday,35,8,August,3,2026,0,,0
2026-08-25,Tuesday,35,8,August,3,2026,0,,0
2026-08-26,Wednesday,35,8,August,3,2026,0,,0
2026-08-27,Thursday,35,8,August,3,2026,0,,0
2026-08-28,Friday,35,8,August,3,2026,1,,0
2026-08-29,Saturday,35,8,August,3,2026,1,,0
2026-08-30,Sunday,35,8,August,3,2026,0,,0
2026-08-31,Monday,36,8,August,3,2026,0,,0
2026-09-01,Tuesday,36,9,September,3,2026,0,,0
2026-09-02,Wednesday,36,9,September,3,2026,0,,0
2026-09-03,Thursday,36,9,September,3,2026,0,,0
2026-09-04,Friday,36,9,September,3,2026,1,,0
2026-09-05,Saturday,36,9,September,3,2026,1,,0
2026-09-06,Sunday,36,9,September,3,2026,0,,0
2026-09-07,Monday,37,9,September,3,2026,0,,0
2026-09-08,Tuesday,37,9,September,3,2026,0,,0
2026-09-09,Wednesday,37,9,September,3,2026,0,,0
2026-09-10,Thursday,37,9,September,3,2026,0,,0
2026-09-11,Friday,37,9,September,3,2026,1,,0
2026-09-12,Saturday,37,9,September,3,2026,1,,0
2026-09-13,Sunday,37,9,September,3,2026,0,,0
2026-09-14,Monday,38,9,September,3,2026,0,,0
2026-09-15,Tuesday,38,9,September,3,2026,0,,0
2026-09-16,Wednesday,38,9,September,3,2026,0,,0
2026-09-17,Thursday,38,9,September,3,2026,0,,0
2026-09-18,Friday,38,9,September,3,2026,1,,0
2026-09-19,Saturday,38,9,September,3,2026,1,,0
2026-09-20,Sunday,38,9,September,3,2026,0,,0
2026-09-21,Monday,39,9,September,3,2026,0,,0
2026-09-22,Tuesday,39,9,September,3,2026,0,,0
2026-09-23,Wednesday,39,9,September,3,2026,0,,0
2026-09-24,Thursday,39,9,September,3,2026,0,,0
2026-09-25,Friday,39,9,September,3,2026,1,,0
2026-09-26,Saturday,39,9,September,3,2026,1,,0
2026-09-27,Sunday,39,9,September,3,2026,0,,0
2026-09-28,Monday,40,9,September,3,2026,0,,0
2026-09-29,Tuesday,40,9,September,3,2026,0,,0
2026-09-30,Wednesday,40,9,September,3,2026,0,,0
