promotion_id,product_id,promotion_type_id,start_date,end_date,discount_percentage,flat_discount_amount,free_units_per_purchase,bundle_quantity,bundle_price
1,1,1,2023-12-24,2023-12-30,3.4,,,,
2,1,1,2024-03-27,2024-04-05,3.4,,,,
3,1,3,2023-10-25,2023-10-31,,,1,,
4,1,2,2026-02-06,2026-02-12,,3.21,,,
5,1,1,2024-08-22,2024-08-31,3.6,,,,
6,1,1,2025-08-20,2025-08-24,3.4,,,,
7,1,3,2025-03-25,2025-03-28,,,1,,
8,1,3,2024-11-26,2024-12-03,,,1,,
9,1,3,2025-10-10,2025-10-16,,,1,,
10,1,4,2026-03-23,2026-03-30,,,,2,145.91
11,1,1,2024-04-14,2024-04-22,4.4,,,,
12,2,2,2024-02-24,2024-02-29,,3.26,,,
13,2,3,2023-12-28,2024-01-03,,,1,,
14,2,3,2024-01-23,2024-01-29,,,1,,
15,2,1,2025-12-30,2026-01-06,6.7,,,,
16,2,3,2025-07-06,2025-07-12,,,1,,
17,2,1,2024-04-10,2024-04-17,6.0,,,,
18,2,1,2025-11-29,2025-12-08,7.0,,,,
19,2,4,2025-04-09,2025-04-12,,,,2,154.96
20,2,1,2026-02-11,2026-02-15,5.4,,,,
21,2,3,2024-05-22,2024-05-29,,,1,,
22,2,2,2024-12-26,2024-12-31,,5.59,,,
23,2,2,2025-03-23,2025-03-28,,2.81,,,
24,2,1,2026-08-05,2026-08-11,6.1,,,,
25,3,2,2026-09-21,2026-09-24,,3.72,,,
26,3,1,2023-11-28,2023-12-05,4.0,,,,
27,3,3,2024-03-10,2024-03-14,,,1,,
28,3,1,2026-09-25,2026-09-30,4.9,,,,
29,3,4,2023-12-27,2024-01-05,,,,2,141.22
30,3,1,2026-03-17,2026-03-25,5.2,,,,
31,3,3,2023-10-15,2023-10-19,,,1,,
32,3,1,2024-06-14,2024-06-22,4.0,,,,
33,3,3,2024-12-12,2024-12-17,,,1,,
34,3,3,2026-05-26,2026-06-01,,,1,,
35,3,1,2024-10-24,2024-10-28,4.7,,,,
36,3,3,2024-04-15,2024-04-18,,,1,,
37,3,2,2024-04-19,2024-04-22,,3.27,,,
38,3,1,2025-02-21,2025-02-27,4.8,,,,
39,3,4,2023-10-31,2023-11-04,,,,2,144.5
40,4,1,2024-11-26,2024-12-01,6.9,,,,
41,4,3,2024-04-11,2024-04-20,,,1,,
42,4,1,2026-06-23,2026-06-28,3.9,,,,
43,4,1,2025-04-13,2025-04-18,5.0,,,,
44,4,3,2024-02-18,2024-02-22,,,1,,
45,4,2,2024-10-13,2024-10-19,,2.84,,,
46,4,1,2026-04-11,2026-04-18,5.9,,,,
47,4,2,2024-06-14,2024-06-24,,4.73,,,
48,4,1,2025-10-03,2025-10-10,4.4,,,,
49,4,1,2026-03-19,2026-03-26,6.3,,,,
50,4,3,2026-09-18,2026-09-21,,,1,,
51,4,1,2024-04-30,2024-05-05,6.6,,,,
52,4,1,2024-08-14,2024-08-21,3.8,,,,
53,4,1,2023-12-27,2024-01-06,6.6,,,,
54,5,1,2025-12-01,2025-12-08,4.3,,,,
55,5,2,2023-12-24,2024-01-03,,4.0,,,
56,5,2,2024-06-19,2024-06-24,,5.39,,,
57,5,1,2024-07-30,2024-08-08,4.2,,,,
58,5,1,2026-03-22,2026-03-26,5.2,,,,
59,5,4,2024-08-12,2024-08-18,,,,2,158.91
60,5,3,2025-12-29,2026-01-07,,,1,,
61,5,1,2025-02-20,2025-02-27,5.8,,,,
62,5,1,2024-04-13,2024-04-23,6.3,,,,
63,5,1,2024-12-29,2025-01-04,5.6,,,,
64,5,2,2025-04-24,2025-05-02,,3.91,,,
65,6,1,2023-10-21,2023-10-28,6.9,,,,
66,6,1,2024-10-13,2024-10-22,6.1,,,,
67,6,4,2026-04-09,2026-04-18,,,,2,335.93
68,6,1,2023-10-04,2023-10-10,3.3,,,,
69,6,3,2025-08-07,2025-08-15,,,1,,
70,6,3,2024-12-27,2025-01-03,,,1,,
71,6,2,2024-12-01,2024-12-06,,7.36,,,
72,6,2,2025-12-26,2026-01-05,,6.75,,,
73,6,1,2025-06-09,2025-06-13,5.7,,,,
74,6,3,2024-04-09,2024-04-15,,,1,,
75,6,1,2025-09-30,2025-10-03,6.9,,,,
76,6,2,2024-02-27,2024-03-08,,9.66,,,
77,6,1,2026-08-26,2026-09-05,4.0,,,,
78,6,3,2026-04-22,2026-04-27,,,1,,
79,6,2,2025-07-11,2025-07-21,,10.28,,,
80,7,2,2024-04-10,2024-04-20,,11.11,,,
81,7,2,2025-04-20,2025-04-30,,7.58,,,
82,7,1,2024-12-24,2024-12-31,6.6,,,,
83,7,3,2025-03-29,2025-04-07,,,1,,
84,7,2,2024-02-09,2024-02-18,,9.57,,,
85,7,1,2025-10-05,2025-10-14,6.1,,,,
86,7,2,2023-11-10,2023-11-19,,12.53,,,
87,7,2,2024-12-02,2024-12-11,,10.99,,,
88,7,1,2025-11-28,2025-12-01,5.7,,,,
89,7,4,2024-09-03,2024-09-13,,,,2,345.48
90,7,2,2023-11-25,2023-11-29,,6.55,,,
91,7,3,2025-11-15,2025-11-22,,,1,,
92,7,2,2025-02-28,2025-03-04,,11.09,,,
93,7,4,2023-12-22,2023-12-25,,,,2,346.48
94,7,2,2025-01-31,2025-02-05,,6.4,,,
95,8,1,2023-12-29,2024-01-06,5.4,,,,
96,8,4,2024-05-22,2024-05-27,,,,2,321.93
97,8,4,2025-11-07,2025-11-16,,,,2,328.77
98,8,3,2025-02-09,2025-02-13,,,1,,
99,8,1,2024-10-15,2024-10-18,4.7,,,,
100,8,1,2026-04-14,2026-04-22,4.7,,,,
101,8,3,2025-11-27,2025-12-07,,,1,,
102,8,2,2026-06-17,2026-06-27,,10.07,,,
103,8,1,2026-03-23,2026-03-27,4.8,,,,
104,8,1,2025-12-24,2026-01-03,6.2,,,,
105,8,3,2025-09-29,2025-10-05,,,1,,
106,8,3,2026-07-02,2026-07-12,,,1,,
107,9,1,2024-12-01,2024-12-07,5.3,,,,
108,9,4,2026-04-11,2026-04-20,,,,3,516.2
109,9,1,2024-12-25,2024-12-31,3.8,,,,
110,9,3,2025-06-05,2025-06-11,,,1,,
111,9,1,2024-11-01,2024-11-08,3.7,,,,
112,9,4,2025-03-30,2025-04-02,,,,3,508.74
113,9,2,2025-04-09,2025-04-12,,8.78,,,
114,9,3,2026-06-05,2026-06-09,,,1,,
115,9,1,2024-06-18,2024-06-21,6.2,,,,
116,9,1,2024-03-23,2024-03-29,6.1,,,,
117,9,2,2025-01-05,2025-01-14,,8.59,,,
118,10,2,2025-06-17,2025-06-20,,5.27,,,
119,10,1,2024-11-29,2024-12-05,8.6,,,,
120,10,2,2024-06-15,2024-06-18,,5.13,,,
121,10,3,2024-04-08,2024-04-15,,,1,,
122,10,3,2026-04-17,2026-04-21,,,1,,
123,10,1,2024-11-09,2024-11-18,9.6,,,,
124,10,1,2023-12-29,2024-01-03,9.2,,,,
125,10,2,2024-12-26,2024-12-30,,4.05,,,
126,10,1,2023-11-22,2023-11-26,12.7,,,,
127,10,2,2023-11-12,2023-11-19,,5.34,,,
128,10,2,2024-10-06,2024-10-15,,4.58,,,
129,10,3,2025-04-11,2025-04-20,,,1,,
130,10,4,2025-12-23,2026-01-01,,,,2,69.92
131,10,2,2025-11-25,2025-12-01,,4.94,,,
132,10,4,2025-03-30,2025-04-09,,,,3,109.38
133,11,2,2024-08-20,2024-08-27,,14.24,,,
134,11,2,2024-10-12,2024-10-16,,10.89,,,
135,11,2,2025-05-20,2025-05-27,,13.65,,,
136,11,1,2024-04-13,2024-04-18,14.5,,,,
137,11,1,2025-04-03,2025-04-07,13.5,,,,
138,11,1,2026-04-11,2026-04-14,10.1,,,,
139,11,2,2026-06-29,2026-07-04,,13.67,,,
140,11,4,2024-11-29,2024-12-07,,,,2,211.19
141,11,3,2025-11-25,2025-12-03,,,1,,
142,11,4,2024-08-07,2024-08-17,,,,2,212.36
143,11,1,2024-04-23,2024-05-03,14.4,,,,
144,11,2,2023-12-25,2024-01-03,,16.75,,,
145,11,4,2025-01-23,2025-01-30,,,,2,213.51
146,11,1,2023-11-29,2023-12-02,8.4,,,,
147,11,1,2025-06-05,2025-06-10,14.1,,,,
148,12,1,2026-07-16,2026-07-21,12.5,,,,
149,12,4,2023-10-27,2023-11-06,,,,2,82.33
150,12,3,2025-06-04,2025-06-13,,,1,,
151,12,4,2024-12-24,2025-01-02,,,,2,81.31
152,12,2,2024-11-28,2024-12-01,,5.76,,,
153,12,3,2024-01-09,2024-01-19,,,1,,
154,12,1,2025-01-14,2025-01-22,9.3,,,,
155,12,4,2025-04-02,2025-04-06,,,,2,80.85
156,12,1,2023-11-27,2023-12-02,10.1,,,,
157,12,1,2024-09-24,2024-09-30,11.8,,,,
158,12,3,2026-09-22,2026-09-29,,,1,,
159,12,3,2025-04-15,2025-04-22,,,1,,
160,12,1,2024-10-12,2024-10-16,14.8,,,,
161,12,1,2025-12-22,2025-12-30,10.8,,,,
162,12,3,2025-03-20,2025-03-29,,,1,,
163,13,2,2026-03-20,2026-03-23,,20.44,,,
164,13,2,2026-05-08,2026-05-15,,12.34,,,
165,13,1,2024-04-09,2024-04-19,9.6,,,,
166,13,3,2024-11-29,2024-12-07,,,1,,
167,13,4,2026-02-05,2026-02-10,,,,2,241.26
168,13,3,2025-04-25,2025-04-28,,,1,,
169,13,1,2023-11-26,2023-12-04,9.9,,,,
170,13,3,2026-04-19,2026-04-23,,,1,,
171,13,3,2023-11-13,2023-11-16,,,1,,
172,13,1,2025-04-03,2025-04-09,13.4,,,,
173,13,1,2025-10-05,2025-10-11,9.0,,,,
174,13,4,2023-10-06,2023-10-13,,,,2,238.24
175,13,1,2025-06-04,2025-06-07,10.5,,,,
176,14,1,2023-11-02,2023-11-07,8.9,,,,
177,14,2,2024-10-14,2024-10-18,,4.71,,,
178,14,2,2023-12-28,2024-01-04,,5.16,,,
179,14,2,2025-04-15,2025-04-24,,3.06,,,
180,14,4,2026-03-27,2026-03-31,,,,3,92.13
181,14,2,2026-04-11,2026-04-21,,3.85,,,
182,14,2,2024-05-22,2024-05-28,,4.98,,,
183,14,3,2024-04-12,2024-04-21,,,1,,
184,14,1,2025-12-28,2026-01-04,9.1,,,,
185,14,3,2024-02-15,2024-02-19,,,1,,
186,14,3,2024-01-31,2024-02-08,,,1,,
187,14,4,2025-12-01,2025-12-04,,,,3,94.02
188,15,1,2025-04-02,2025-04-12,12.9,,,,
189,15,3,2025-10-22,2025-10-26,,,1,,
190,15,2,2026-02-25,2026-02-28,,2.59,,,
191,15,1,2023-11-29,2023-12-04,18.1,,,,
192,15,1,2025-09-18,2025-09-21,13.1,,,,
193,15,3,2024-02-20,2024-02-25,,,1,,
194,15,1,2024-04-05,2024-04-11,15.6,,,,
195,15,3,2024-12-28,2025-01-05,,,1,,
196,15,1,2024-03-22,2024-03-25,18.0,,,,
197,15,3,2024-06-16,2024-06-26,,,1,,
198,15,1,2024-04-12,2024-04-19,16.1,,,,
199,15,2,2024-10-11,2024-10-21,,2.17,,,
200,15,3,2025-10-05,2025-10-10,,,1,,
201,15,1,2024-09-24,2024-09-29,17.6,,,,
202,15,1,2023-12-26,2024-01-04,19.4,,,,
203,16,1,2026-01-06,2026-01-15,15.2,,,,
204,16,3,2024-09-16,2024-09-26,,,1,,
205,16,3,2024-03-29,2024-04-07,,,1,,
206,16,1,2024-11-30,2024-12-04,14.5,,,,
207,16,1,2025-12-29,2026-01-03,17.1,,,,
208,16,1,2025-10-05,2025-10-13,19.7,,,,
209,16,1,2024-07-29,2024-08-04,14.0,,,,
210,16,1,2025-04-03,2025-04-07,18.2,,,,
211,16,4,2024-04-14,2024-04-22,,,,3,52.08
212,16,2,2024-01-24,2024-02-01,,2.9,,,
213,16,2,2024-06-18,2024-06-27,,3.29,,,
214,16,4,2023-12-24,2024-01-03,,,,2,34.17
215,16,3,2025-06-04,2025-06-10,,,1,,
216,17,4,2025-06-06,2025-06-14,,,,3,63.55
217,17,1,2024-04-13,2024-04-21,12.8,,,,
218,17,3,2025-05-04,2025-05-11,,,1,,
219,17,1,2024-08-03,2024-08-11,17.3,,,,
220,17,1,2025-06-27,2025-07-06,17.7,,,,
221,17,3,2024-12-01,2024-12-09,,,1,,
222,17,2,2026-09-13,2026-09-17,,3.85,,,
223,17,4,2023-11-24,2023-11-29,,,,3,60.31
224,17,1,2026-03-18,2026-03-23,18.8,,,,
225,17,4,2026-04-09,2026-04-17,,,,2,41.61
226,17,1,2023-12-29,2024-01-07,17.8,,,,
227,17,3,2024-11-01,2024-11-09,,,1,,
228,17,4,2025-11-21,2025-11-30,,,,2,40.79
229,17,1,2024-04-28,2024-05-02,18.1,,,,
230,18,1,2026-04-10,2026-04-19,19.3,,,,
231,18,2,2025-09-15,2025-09-18,,1.82,,,
232,18,1,2024-11-26,2024-12-04,14.5,,,,
233,18,1,2025-12-29,2026-01-03,14.3,,,,
234,18,2,2024-07-11,2024-07-21,,1.45,,,
235,18,2,2023-12-24,2023-12-29,,2.14,,,
236,18,1,2024-10-15,2024-10-22,13.0,,,,
237,18,3,2024-04-09,2024-04-13,,,1,,
238,18,3,2023-10-26,2023-11-01,,,1,,
239,18,2,2025-11-26,2025-11-30,,1.79,,,
240,18,1,2026-08-05,2026-08-08,15.8,,,,
241,18,3,2025-11-03,2025-11-10,,,1,,
242,18,3,2024-06-16,2024-06-22,,,1,,
243,19,1,2025-08-11,2025-08-16,14.4,,,,
244,19,4,2024-09-23,2024-10-03,,,,3,76.45
245,19,1,2024-02-07,2024-02-17,11.6,,,,
246,19,4,2023-12-25,2024-01-02,,,,3,73.88
247,19,1,2024-04-13,2024-04-21,16.4,,,,
248,19,4,2024-12-01,2024-12-11,,,,3,78.56
249,19,3,2025-04-11,2025-04-18,,,1,,
250,19,2,2024-03-10,2024-03-19,,4.97,,,
251,19,1,2025-12-23,2025-12-27,12.4,,,,
252,19,1,2025-11-26,2025-12-06,10.3,,,,
253,19,1,2025-09-22,2025-10-01,17.8,,,,
254,20,4,2024-11-28,2024-12-03,,,,2,41.61
255,20,1,2026-03-16,2026-03-19,11.9,,,,
256,20,4,2025-10-11,2025-10-20,,,,2,42.58
257,20,2,2025-10-29,2025-11-06,,2.65,,,
258,20,2,2023-11-25,2023-12-03,,3.0,,,
259,20,4,2025-06-07,2025-06-16,,,,2,43.95
260,20,3,2024-04-10,2024-04-17,,,1,,
261,20,1,2024-11-13,2024-11-17,10.6,,,,
262,20,4,2024-02-10,2024-02-17,,,,2,42.15
263,20,2,2024-09-21,2024-09-29,,2.74,,,
264,20,1,2025-03-29,2025-04-08,14.4,,,,
265,21,1,2025-04-01,2025-04-05,13.2,,,,
266,21,3,2026-06-07,2026-06-16,,,1,,
267,21,4,2024-02-29,2024-03-05,,,,2,34.56
268,21,4,2025-09-05,2025-09-10,,,,2,33.54
269,21,3,2026-04-15,2026-04-18,,,1,,
270,21,1,2024-12-24,2024-12-29,15.7,,,,
271,21,2,2023-12-24,2023-12-31,,2.15,,,
272,21,3,2024-08-11,2024-08-16,,,1,,
273,21,3,2025-08-22,2025-08-25,,,1,,
274,21,3,2024-04-12,2024-04-19,,,1,,
275,21,2,2026-01-31,2026-02-03,,3.0,,,
276,21,2,2026-01-09,2026-01-16,,3.1,,,
277,21,1,2025-11-28,2025-12-08,14.9,,,,
278,22,4,2025-07-15,2025-07-23,,,,2,58.74
279,22,2,2024-10-11,2024-10-17,,4.25,,,
280,22,4,2026-02-03,2026-02-09,,,,2,58.44
281,22,3,2025-07-02,2025-07-08,,,1,,
282,22,4,2026-04-12,2026-04-22,,,,3,94.31
283,22,4,2026-08-01,2026-08-11,,,,2,59.73
284,22,1,2024-12-26,2025-01-05,10.1,,,,
285,22,3,2025-03-30,2025-04-07,,,1,,
286,22,1,2024-11-26,2024-12-02,12.3,,,,
287,22,3,2024-04-15,2024-04-22,,,1,,
288,22,4,2024-05-31,2024-06-05,,,,3,91.37
289,22,1,2025-10-18,2025-10-23,14.1,,,,
290,22,3,2024-04-07,2024-04-12,,,1,,
291,23,1,2025-04-01,2025-04-06,14.9,,,,
292,23,2,2024-12-27,2025-01-04,,6.33,,,
293,23,3,2024-10-12,2024-10-19,,,1,,
294,23,1,2023-11-24,2023-12-04,15.2,,,,
295,23,2,2025-01-09,2025-01-12,,5.11,,,
296,23,3,2025-11-17,2025-11-22,,,1,,
297,23,3,2025-11-26,2025-12-05,,,1,,
298,23,3,2025-04-15,2025-04-18,,,1,,
299,23,2,2025-12-28,2026-01-07,,5.63,,,
300,23,1,2026-03-19,2026-03-26,17.8,,,,
301,23,2,2026-06-28,2026-07-06,,6.52,,,
302,23,4,2024-11-29,2024-12-07,,,,2,78.91
303,23,3,2024-06-16,2024-06-26,,,1,,
304,23,3,2024-12-12,2024-12-18,,,1,,
305,24,1,2025-04-09,2025-04-14,7.0,,,,
306,24,2,2024-04-12,2024-04-18,,3.79,,,
307,24,2,2025-06-07,2025-06-17,,4.32,,,
308,24,2,2025-07-19,2025-07-26,,6.87,,,
309,24,4,2026-03-21,2026-03-24,,,,2,169.79
310,24,3,2023-12-14,2023-12-23,,,1,,
311,24,1,2024-12-23,2024-12-26,6.4,,,,
312,24,2,2025-08-17,2025-08-24,,5.91,,,
313,24,3,2024-10-11,2024-10-16,,,1,,
314,24,1,2025-05-27,2025-06-02,7.4,,,,
315,24,1,2026-02-22,2026-03-02,6.7,,,,
316,24,4,2025-03-31,2025-04-08,,,,2,170.92
317,24,2,2023-12-25,2024-01-01,,5.66,,,
318,25,3,2025-01-26,2025-01-29,,,1,,
319,25,3,2025-06-07,2025-06-14,,,1,,
320,25,2,2025-05-27,2025-06-04,,4.63,,,
321,25,2,2025-03-31,2025-04-08,,5.89,,,
322,25,3,2025-10-05,2025-10-11,,,1,,
323,25,2,2024-03-16,2024-03-26,,5.17,,,
324,25,3,2024-05-17,2024-05-20,,,1,,
325,25,1,2024-11-18,2024-11-23,7.4,,,,
326,25,2,2026-04-12,2026-04-15,,5.75,,,
327,25,3,2024-04-11,2024-04-21,,,1,,
328,25,3,2023-10-24,2023-10-31,,,1,,
329,25,2,2024-02-27,2024-03-01,,6.46,,,
330,25,3,2025-11-26,2025-12-01,,,1,,
331,26,1,2024-11-29,2024-12-08,6.7,,,,
332,26,1,2024-06-29,2024-07-07,8.0,,,,
333,26,3,2025-04-02,2025-04-08,,,1,,
334,26,3,2025-06-03,2025-06-13,,,1,,
335,26,1,2023-11-23,2023-11-30,7.5,,,,
336,26,2,2023-12-05,2023-12-14,,6.58,,,
337,26,1,2025-02-04,2025-02-10,6.4,,,,
338,26,2,2024-04-08,2024-04-11,,4.2,,,
339,26,1,2025-12-27,2026-01-04,7.5,,,,
340,26,2,2026-09-02,2026-09-08,,4.34,,,
341,26,2,2024-09-23,2024-10-02,,3.56,,,
342,26,1,2026-01-14,2026-01-19,4.7,,,,
343,26,1,2026-03-23,2026-03-29,6.8,,,,
344,26,4,2024-01-27,2024-02-05,,,,2,160.56
345,27,1,2024-06-17,2024-06-25,6.9,,,,
346,27,4,2023-12-26,2023-12-29,,,,2,185.56
347,27,1,2024-12-18,2024-12-28,7.6,,,,
348,27,4,2023-10-22,2023-10-28,,,,2,186.02
349,27,1,2025-02-08,2025-02-14,5.0,,,,
350,27,1,2023-11-24,2023-12-01,7.5,,,,
351,27,4,2025-04-15,2025-04-23,,,,3,284.24
352,27,1,2026-03-22,2026-03-27,6.2,,,,
353,27,1,2026-02-02,2026-02-09,5.3,,,,
354,27,4,2026-06-27,2026-07-02,,,,2,187.81
355,27,3,2024-03-01,2024-03-04,,,1,,
356,27,1,2026-04-12,2026-04-20,6.6,,,,
357,27,1,2026-06-16,2026-06-26,6.1,,,,
358,28,2,2026-04-14,2026-04-21,,9.01,,,
359,28,1,2025-12-01,2025-12-06,8.7,,,,
360,28,3,2025-10-03,2025-10-10,,,1,,
361,28,4,2024-11-26,2024-12-04,,,,3,237.72
362,28,3,2025-01-05,2025-01-12,,,1,,
363,28,2,2023-12-04,2023-12-08,,9.58,,,
364,28,1,2023-10-26,2023-10-31,13.9,,,,
365,28,4,2025-08-09,2025-08-13,,,,2,162.7
366,28,1,2026-05-31,2026-06-07,8.5,,,,
367,28,4,2025-07-06,2025-07-09,,,,2,156.12
368,28,1,2025-12-24,2025-12-28,11.9,,,,
369,28,2,2025-04-03,2025-04-07,,13.34,,,
370,28,1,2025-11-26,2025-11-30,13.4,,,,
371,28,2,2023-12-29,2024-01-08,,9.44,,,
372,29,3,2024-11-26,2024-12-03,,,1,,
373,29,1,2024-03-17,2024-03-24,13.0,,,,
374,29,1,2025-12-06,2025-12-14,8.6,,,,
375,29,3,2026-03-29,2026-04-06,,,1,,
376,29,2,2024-06-15,2024-06-24,,21.39,,,
377,29,2,2023-10-21,2023-10-29,,21.92,,,
378,29,1,2025-11-27,2025-11-30,10.7,,,,
379,29,3,2026-03-21,2026-03-26,,,1,,
380,29,2,2023-12-25,2024-01-01,,15.2,,,
381,29,4,2025-10-09,2025-10-16,,,,3,474.35
382,29,1,2024-10-10,2024-10-17,10.8,,,,
383,29,2,2025-11-17,2025-11-25,,19.83,,,
384,29,1,2024-07-05,2024-07-12,14.6,,,,
385,29,4,2025-12-24,2026-01-02,,,,3,469.02
386,30,1,2025-02-08,2025-02-16,13.7,,,,
387,30,2,2024-10-13,2024-10-19,,11.82,,,
388,30,4,2023-11-25,2023-12-05,,,,2,177.86
389,30,3,2024-06-20,2024-06-29,,,1,,
390,30,3,2024-12-24,2024-12-31,,,1,,
391,30,2,2025-11-11,2025-11-15,,12.19,,,
392,30,1,2026-03-22,2026-03-30,12.3,,,,
393,30,4,2025-12-27,2026-01-04,,,,3,273.78
394,30,1,2024-11-29,2024-12-04,8.2,,,,
395,30,3,2025-11-25,2025-11-29,,,1,,
396,30,1,2025-09-13,2025-09-20,13.5,,,,
397,30,1,2024-04-11,2024-04-15,13.7,,,,
398,30,2,2024-09-01,2024-09-07,,11.86,,,
399,30,1,2026-03-04,2026-03-13,12.3,,,,
400,31,3,2025-11-28,2025-12-01,,,1,,
401,31,3,2024-06-18,2024-06-22,,,1,,
402,31,2,2023-11-24,2023-11-30,,19.67,,,
403,31,2,2026-09-15,2026-09-23,,24.56,,,
404,31,3,2025-09-12,2025-09-20,,,1,,
405,31,3,2025-06-01,2025-06-05,,,1,,
406,31,1,2026-03-19,2026-03-23,12.9,,,,
407,31,2,2026-02-13,2026-02-18,,23.52,,,
408,31,2,2024-09-19,2024-09-24,,17.96,,,
409,31,4,2024-04-13,2024-04-16,,,,2,354.43
410,31,2,2024-11-30,2024-12-10,,22.88,,,
411,31,1,2026-03-28,2026-04-07,12.0,,,,
412,32,1,2023-12-24,2023-12-31,11.2,,,,
413,32,2,2026-07-11,2026-07-15,,4.94,,,
414,32,3,2023-11-26,2023-11-29,,,1,,
415,32,3,2025-10-02,2025-10-06,,,1,,
416,32,4,2025-02-18,2025-02-25,,,,2,88.85
417,32,3,2024-06-17,2024-06-21,,,1,,
418,32,3,2025-04-03,2025-04-09,,,1,,
419,32,2,2025-09-18,2025-09-25,,4.59,,,
420,32,2,2025-05-22,2025-05-29,,7.33,,,
421,32,4,2024-10-10,2024-10-19,,,,3,128.9
422,32,4,2025-04-11,2025-04-14,,,,2,86.88
423,32,4,2025-12-23,2025-12-29,,,,2,88.54
424,33,2,2025-08-22,2025-08-27,,6.84,,,
425,33,2,2024-04-07,2024-04-11,,8.31,,,
426,33,1,2025-06-07,2025-06-17,14.7,,,,
427,33,1,2025-04-02,2025-04-09,14.5,,,,
428,33,1,2023-11-24,2023-11-28,14.3,,,,
429,33,3,2024-12-01,2024-12-08,,,1,,
430,33,3,2026-02-26,2026-03-02,,,1,,
431,33,1,2026-08-29,2026-09-08,12.9,,,,
432,33,2,2026-02-11,2026-02-16,,5.76,,,
433,33,1,2024-10-09,2024-10-17,10.1,,,,
434,33,2,2023-10-25,2023-10-30,,7.83,,,
435,33,2,2024-08-06,2024-08-15,,6.66,,,
436,33,4,2025-11-25,2025-12-03,,,,3,155.63
437,34,3,2024-06-15,2024-06-22,,,1,,
438,34,2,2025-06-09,2025-06-15,,5.2,,,
439,34,3,2025-05-28,2025-05-31,,,1,,
440,34,1,2025-02-02,2025-02-12,9.7,,,,
441,34,4,2024-02-23,2024-02-26,,,,3,122.95
442,34,2,2026-02-08,2026-02-16,,4.14,,,
443,34,4,2025-09-29,2025-10-02,,,,3,119.41
444,34,2,2026-07-23,2026-08-01,,4.87,,,
445,34,1,2024-08-08,2024-08-15,8.6,,,,
446,34,2,2025-11-25,2025-12-05,,3.77,,,
447,34,1,2024-09-24,2024-09-28,9.0,,,,
448,34,1,2025-04-11,2025-04-18,8.9,,,,
449,35,1,2024-05-29,2024-06-01,11.0,,,,
450,35,2,2023-12-28,2024-01-01,,4.63,,,
451,35,1,2025-06-06,2025-06-11,8.7,,,,
452,35,4,2023-10-06,2023-10-09,,,,2,72.23
453,35,4,2024-11-27,2024-12-02,,,,2,70.5
454,35,1,2026-02-05,2026-02-11,10.9,,,,
455,35,2,2025-04-08,2025-04-12,,3.53,,,
456,35,1,2024-01-16,2024-01-21,11.6,,,,
457,35,1,2025-06-28,2025-07-06,11.2,,,,
458,35,3,2024-12-27,2025-01-03,,,1,,
459,35,4,2023-11-26,2023-12-06,,,,2,69.5
460,35,4,2026-03-18,2026-03-21,,,,2,72.3
461,35,3,2023-10-23,2023-10-26,,,1,,
462,36,1,2025-06-21,2025-06-25,14.9,,,,
463,36,1,2024-04-08,2024-04-15,14.4,,,,
464,36,3,2026-08-30,2026-09-08,,,1,,
465,36,2,2024-06-18,2024-06-22,,11.21,,,
466,36,4,2023-12-29,2024-01-06,,,,3,235.16
467,36,1,2025-07-13,2025-07-23,8.5,,,,
468,36,1,2024-10-10,2024-10-14,11.3,,,,
469,36,2,2023-11-28,2023-12-04,,10.12,,,
470,36,1,2025-06-15,2025-06-18,14.0,,,,
471,36,2,2026-03-19,2026-03-28,,11.47,,,
472,36,4,2025-06-04,2025-06-13,,,,2,164.41
473,36,1,2025-03-28,2025-03-31,13.5,,,,
474,36,1,2025-10-05,2025-10-14,12.4,,,,
475,36,1,2025-03-14,2025-03-18,8.5,,,,
